:020000040800F2
:10000000409700246D0300089D8A0008D9770008F6
:1000100011880008B11700084DA900080000000071
:10002000000000000000000000000000AD02000819
:10003000A919000800000000090300082392000825
:100040008B0300088B0300088B0300088B03000858
:100050008B0300088B0300088B0300088B03000848
:100060008B0300088B0300088B0300088B03000838
:100070008B0300088B0300088B0300088B03000828
:100080008B0300088B0300088B0300088B03000818
:100090008B0300088B0300088B0300088B03000808
:1000A0008B0300088B0300088B0300088B030008F8
:1000B0008B0300088B0300088B0300088B030008E8
:1000C0008B0300088B0300088B0300088B030008D8
:1000D0008B0300088B0300082DA900083DA9000828
:1000E0008B0300088B030008000000008B0300084E
:1000F0008B0300088B0300088B0300088B030008A8
:100100008B0300088B0300088B0300088B03000897
:100110008B0300088B0300088B0300083994000848
:100120008B0300088B0300088B0300088B03000877
:100130008B0300088B0300088B0300088B03000867
:1001400000000000000000000000000000000000AF
:100150008B0300088B0300088B0300088B03000847
:100160008B0300088B0300088B0300088B03000837
:100170008B0300088B0300088B03000800000000BD
:100180008B0300088B0300088B0300088B03000817
:100190008B0300088B0300088B0300088B03000807
:1001A0008B0300088B0300088B0300088B030008F7
:1001B0008B0300088B0300088B0300088B030008E7
:1001C0008B0300088B0300088B0300088B030008D7
:1001D0008B0300088B0300088B0300088B030008C7
:1001E0008B0300088B0300088B0300088B030008B7
:1001F0008B0300088B0300088B0300088B030008A7
:100200008B0300088B0300088B0300088B03000896
:100210008B0300088B0300088B0300088B03000886
:100220008B0300088B0300088B030008000000000C
:100230008B0300088B030008000000008B030008FC
:100240008B0300088B0300088B0300088B03000856
:100250008B0300088B0300088B0300088B03000846
:100260008B0300088B0300088B0300088B03000836
:100270008B0300088B0300088B03000800000000BC
:100280008B0300088B0300088B03000800000000AC
:10029000000000008B030008DFF80CD000F008FC21
:1002A0000048004771FE0008409700242C4B196855
:1002B0000868B0E8F04F80F30988BFF36F8F4FF004
:1002C000000080F3118870470000000008480068B3
:1002D000006880F308884FF0000080F3148862B64D
:1002E00061B6BFF34F8FBFF36F8F00DF00BF00BF5A
:1002F00008ED00E0DFF80C00016841F470010160D6
:10030000704700BF88ED00E0EFF30980BFF36F8F07
:10031000134B1A681EF0100F08BF20ED108A20E959
:10032000F04F106009B44FF0500080F31188BFF314
:100330004F8FBFF36F8F12F0A7F84FF0000080F3DC
:10034000118809BC19680868B0E8F04F1EF0100F5A
:1003500008BFB0EC108A80F30988BFF36F8F704735
:10036000D0000024EFF30580704700000748804765
:100370000748804707480047FEE7FEE7FEE7FEE73D
:10038000FEE7FEE7FEE7FEE7FEE7FEE7C919000825
:1003900011930008990200082DE9F05F054600203E
:1003A00092469B4688460646814640241BE02846E6
:1003B00041464746224600F070F953465A46C01A55
:1003C000914110D311461846224600F057F92D1AD4
:1003D00067EB01084F4622460120002100F04EF94C
:1003E00017EB00094E41201EA4F10104DFDC484652
:1003F00031462A464346BDE8F09F2DE9F0410024EE
:10040000061B254671F1000605DA01240027D0EB12
:10041000070067EB0101161E73F1000605DA0027DD
:10042000D2EB0702012567EB0303FFF7B5FF864612
:100430000E4617469C46AC4204D00025D0EB050E74
:1004400065EB010624B10020D2EB000760EB030C42
:10045000704631463A466346BDE8F08140EA010302
:100460009B0703D009E008C9121F08C0042AFAD26A
:1004700003E011F8013B00F8013B521EF9D270472E
:10048000D2B201E000F8012B491EFBD270470022D6
:10049000F6E710B513460A4604461946FFF7F0FF83
:1004A000204610BD421C10F8011B0029FBD1801A08
:1004B000704730B504460020034600E05B1C9342C1
:1004C00003D2E05CCD5C401BF8D030BD0FB400B56A
:1004D0008DB010A909900B9000914FF0FF300A9059
:1004E00000200C9005480690054807906A4609A828
:1004F0000F9900F0F7F80DB05DF814FB0107000844
:100500001F0700082DE9FF5F1D464FF0FF3BD5E9AF
:10051000014691465F464FF00008A9697F1C01988B
:100520008847296A824688470028F6D1BAF1FF3FFA
:100530000CD024F4C064002E19DD600614D5BAF185
:100540002B0F09D0BAF12D0F0ED103E0584604B09D
:10055000BDE8F09F44F48064A9697F1C0198884736
:10056000761E8246002E02DDBAF1300F03D0B9F1BB
:10057000000F26D032E0A969761E44F400747F1C77
:10058000019888478246002E05DDBAF1780F06D023
:10059000BAF1580F03D0B9F1000F10D01EE0B9F135
:1005A000000F02D0B9F1100F18D1A969761E24F4FA
:1005B00000747F1C019888478246102002E00820C2
:1005C00000E00A20814609E008FB0908A969761EB7
:1005D00044F400747F1C019888478246002E05DD94
:1005E0004946504600F069F80028EDDAE9690198BB
:1005F0008847A00502D46FF00100A8E7E00725D1E5
:10060000600613D5600502D5C8F1000000E0404641
:1006100029680A1D2A600968220501D5087015E0BD
:10062000220701D5088011E008600FE02868011D4D
:1006300029600068210502D580F8008006E02107C6
:1006400002D5A0F8008001E0C0F8008038467EE7BF
:1006500030B50B46014600202022012409E021FA92
:1006600002F59D4205D303FA02F5491B04FA02F58F
:100670002844151EA2F10102F1DC30BD202A04DB62
:10068000203A00FA02F1002070479140C2F12003A5
:1006900020FA03F3194390407047202A04DB203AE4
:1006A00021FA02F00021704721FA02F3D040C2F192
:1006B000200291400843194670473A2800D230384A
:1006C00020F02002412A01D3A2F13700884201D351
:1006D0004FF0FF307047000002681144137801604A
:1006E00018467047D16004495161044911620021E4
:1006F0001161114600F006BAD9060008F90A00088F
:10070000426842B1016811F8013B23B1521EC0E9B1
:100710000012184670470121C160881E7047426868
:100720005AB1C368016843B983688B4205D0491E3A
:10073000521CC0E90012002070474FF0FF30704794
:100740002DE9FE4F804681EA0300C00F0C46009061
:1007500021F0004123F00045B8EB0200A94105D289
:100760004046214690461C460B46024623F0004078
:10077000104347D0270DC7F30A00C3F30A51029074
:10078000401A019040286BDAC3F3130040F4801B39
:100790000098924620B10023D2EB030A63EB0B0BC7
:1007A00001985946C0F140025046FFF767FF0646E0
:1007B0000D4650465946019A00F08CF910EB08009E
:1007C0006141002487EA115284EAE7731A4340D05A
:1007D000009A62B3019A012A4FEA075215DC001B06
:1007E00061EB02014FF0004202EA0752CDE90042FC
:1007F000001C41F5801132462B4600F028FB03B067
:10080000BDE8F08F40462146F9E7001B61EB02018D
:10081000001C41F5801300185B412018A2F5001759
:1008200047EB030140EAD570B6196D4111E06D0840
:100830004FEA360645EAC0754FEA0752001B61EBE6
:100840000201001C41F5801149084FEA30000019EF
:10085000514132462B4603B0BDE8F04F00F0E8BAF4
:100860000098012240000023D0EB020263EBE0730A
:10087000009821464FEAE074B8EB000061EB0401F8
:10088000E9E783F000435BE781F0004158E72DE999
:10089000FE4F81EA030404F0004421F0004100947B
:1008A0004FF0000B23F0004350EA01045ED052EAFF
:1008B00003045BD0C3F30A54C1F30A552C44A4F2D9
:1008C000F3340194A0FB0254C1F3130141F48011ED
:1008D000C3F3130343F4801301FB024400FB034EF4
:1008E000840A970A44EA815447EA8357A4FB0768BD
:1008F00002958D0A05FB07854FEA932C04FB0C54E7
:100900002705029D4FEA065847EA1637B5EB08055A
:100910006EEB070C870E920E47EA811742EA8312AC
:10092000A7FB0201B6EB0B0164EB00042B0D43EABD
:100930000C335E1844EB1C50DA465146E7FB0201CB
:10094000C5F313044FEA0B3343EA14534FEA04325E
:10095000019C43EA0603A4F10C040294009CCDE937
:1009600000B400F074FA03B0BDE8F08F0020014637
:10097000F9E72DE9F04D81EA030404F0004B21F082
:10098000004514464FF0000A23F0004150EA0502EA
:1009900020D054EA01021DD0C5F30A570246C5F320
:1009A0001303C1F31300C1F30A5640F4801543F456
:1009B0008013A7EB0608101BD64608F2FD3873EB30
:1009C000050002D308F1010801E092185B41B8F17B
:1009D000000F03DA00200146BDE8F08D00204FF43F
:1009E0008011064684460EE0171B73EB050705D3FE
:1009F000121B63EB050306434CEA010C49084FEA5E
:100A0000300092185B4150EA0107EDD152EA030031
:100A100012D082EA040083EA0501084305D0101BC6
:100A2000AB4106D20122002306E000224FF0004332
:100A300002E06FF0010253101AEB06004CEB085174
:100A400010EB0A0041EB0B01BDE8F04D00F0F0B9EE
:100A5000C1F30A52C1F3130140F2FF3341F4801194
:100A60009A4202DA00200146704740F233439A422C
:100A7000A2F2334202DC5242FFF70FBEFFF7FEBD87
:100A800030B5041E71F1000404DB4FF00044404215
:100A900064EB0101141E73F1000405DB1C464FF0EA
:100AA0000043524263EB0403994208BF904230BDB9
:100AB000064C074D06E0E06840F0010394E80700AB
:100AC00098471034AC42F6D3FFF7EAFB8C4101089B
:100AD000AC410108202A06DBCB17203A41FA02F08C
:100AE00043EAE07306E041FA02F3D040C2F120028B
:100AF0009140084319467047C0B24FF4F05100F0DE
:100B0000F5B900002DE9F34F8BB04FF0000801F16B
:100B10000C000C464FF0010B46460DF1080A0190FF
:100B20006269012101989047051E2DD0252D2CD0FA
:100B3000216A8847C0B16269012101989047216A02
:100B400088470028F7D1411E62690198904700E06C
:100B5000761CA1690B988847216A88470028F7D13D
:100B6000E1690B988847DBE7A1690B98884707463E
:100B7000A84201D1761CD3E7E1690B9888477F1C16
:100B800002D1B8F1000F6FD046E1002762693D46FF
:100B90003946019890472A2804D1626901210198B9
:100BA00090470125DFF884926269012101989047FE
:100BB000A0F130010A290AD24F45E5DC07EB870195
:100BC00000EB4107303FDFD445F01005ECE7E906C4
:100BD00001D46FF000476C280AD04C2814D0682844
:100BE00015D06A280DD074281CD07A281AD01DE0A0
:100BF00062690121019890476C2802D045F00405F4
:100C000014E045F002050DE045F020050AE06269B8
:100C1000012101989047682802D045F0080505E0B9
:100C200045F400656269012101989047C4E90157C4
:100C300065283DD019DC58287AD00CDC452837D0FF
:100C400004DC252826D0412831D131E046282FD098
:100C500047282CD12CE05B2877D0612828D0632846
:100C60007CD0642823D15AE0D0E06F2848D008DC3B
:100C700066281DD067281BD0692821D06E2816D180
:100C800027E0702845D0732868D0752847D0782889
:100C90000DD14DE0A1690B988847054625283FF402
:100CA00069AFE1690B9888476D1C3FF46AAFB3E008
:100CB00023466A466FF001000B99AFF300809EE077
:100CC00045F040006060A80723464FF0000236D48C
:100CD0003EE0E8077FF447AF2068011D216000680F
:100CE000290501D506701BE7290701D5068017E7FE
:100CF000A90703D5F117C0E9006111E706600FE706
:100D000045F040006060A80723464FF0080216D463
:100D10001EE040F60E0125EA0100606016E045F095
:100D200040006060A80723464FF00A0207D40FE096
:100D300045F040006060A80708D5234610226FF0F8
:100D400001000B99AFF3008059E007E02346102221
:100D50006FF001000B99FFF7D5FB50E04FF0000951
:100D60004F464B46632802D05B2806D040E0E80699
:100D700001D40120A06001273AE0626901210198B5
:100D800090475E2805D14FF00109626949460198F4
:100D90009047216939B900210A46534643F821207A
:100DA000491C0829FADBB0B3216969B9C11700EB06
:100DB000D16253110AEB830122F01F02821A012033
:100DC0000B68904003430B606269012101989047D2
:100DD0005D28E8D1B9F1000F09D00020514651F843
:100DE0002020D24341F82020401C0828F7DB02AB2A
:100DF000224600976FF001000B99AFF300800028A6
:100E00000CDA401C08D1BBF1000F05D04FF0FF30C9
:100E10000DB0BDE8F08FFFE74046F9E7E90701D1E3
:100E200008F1010806444FF0000B79E6CCCCCC0C5D
:100E300010B5141E73F1000408DA401C41F10001E2
:100E400092185B411A4301D120F0010010BD2DE939
:100E5000F04D92469B4611B1B1FA81F202E0B0FA30
:100E600080F220329046FFF709FC04460F4640EA24
:100E70000A0041EA0B0153465A46084313D0114673
:100E800053EA010019D0C8F140025046FFF705FCB3
:100E900005460E46504659464246FFF7EFFB0843CB
:100EA00005D0012004E020463946BDE8F08D002041
:100EB000054346EAE0762C4337430A986305E40A83
:100EC000A0EB08000022FD0A44EA47540A3002D58C
:100ED00000200146E9E7010510196941DDE90845EF
:100EE00000196941BDE8F04DA2E700007F2801D953
:100EF000002208E0064A02EB5002C007127800D137
:100F0000120902F00F0201209040084070470000D3
:100F10004041010870B58C1810F8015B15F007030B
:100F200001D110F8013B2A1106D110F8012B03E082
:100F300010F8016B01F8016B5B1EF9D12B0705D48A
:100F40000023521E0DD401F8013BFAE710F8013BD3
:100F5000CB1A921C03E013F8015B01F8015B521EEF
:100F6000F9D5A142D8D3002070BD000070B5044669
:100F70004F492068884203D04E492068884208D1F2
:100F80004D48006800F4403008B1012009E000201D
:100F900007E04A48006800F4403008B1012000E052
:100FA0000020B8B104F030FC05466068B0F5803F21
:100FB00006D0B0F5003F04D0B0F5403F08D105E0C1
:100FC00000BF6068000CB5FBF0F502E0AD0800E082
:100FD00000BF2BE04FF40020002102F043FF054644
:100FE0006068C0F31101F9B980140C281CD2DFE845
:100FF00000F01B060708090A0B111315171900BF8B
:1010000000BF00BF00BF00BF6068800C4000B5FBA0
:10101000F0F50AE02D0908E06D0906E0AD0904E0ED
:10102000ED0902E02D0A00E000BF00BF01F056FF0D
:1010300041F20301884210D82148854206D9206830
:10104000806840F48070216888602FE020688068A4
:1010500020F480702168886028E06D081948854276
:1010600006D82068806820F44070216888601DE000
:101070001548854208D82068806820F4407040F404
:1010800080702168886011E01048854208D8206887
:10109000806820F4407040F400702168886005E0AA
:1010A0002068806840F440702168886070BD00004E
:1010B0000020024000210240082302400863025839
:1010C000002D3101105E5F0020BCBE0040787D0124
:1010D00010B501220249034806F0B0FA10BD000025
:1010E00043000024E403002410B500201C490870CC
:1010F0001C49086001201C49086000201B49086049
:101100001B4908705A201B49088000201A490870A2
:101110001A4908709FED1A0A1A4880ED000A9FEDDF
:10112000180A194880ED000A9FED150A174880ED4E
:10113000000A9FED130A164880ED000A9FED152A5C
:10114000F3EE0E1A9FED141ADFED140A9FED140A48
:10115000144807F0A5FC14A00CF016FB10BD00000D
:1011600084000024880000248C00002490000024C7
:101170009400002496000024980000249900002484
:10118000000000009C000024A0000024A400002413
:10119000A8000024000048429A99193E0AD7A33DAE
:1011A0009A99993F0811002442616C616E63652031
:1011B0006D6F64756C6520696E697469616C697ABC
:1011C00065640D0A000000002DE9F04F2DED088B3D
:1011D00087B08046F0EE409AB0EE60AA9620069066
:1011E00011F08EFE0446B2EE040AF4EEC09AF1EE5F
:1011F00010FA08DD9FEDFD0AF4EEC09AF1EE10FA48
:1012000001D2012000E000200546B2EE040AB4EE4F
:10121000C0AAF1EE10FA08DD9FEDF40AB4EEC0AA00
:10122000F1EE10FA01D2012000E000200646002D68
:1012300000BF9FEDEF0A00FE298A002E00BF9FED40
:10124000EC0A40FE0A8AEB48EB49097800F8018075
:10125000E948007800F101004FF00A0190FBF1F23B
:1012600001FB1200E4490870E44800780A2805DA16
:10127000E2480078401CC1B2E04801704FF000091C
:10128000CA46002011E0DB49095C462904DD09F16A
:10129000010101F0FF0907E0D649095C1E2903DAC4
:1012A0000AF1010101F0FF0A401CD4490978884283
:1012B000E9DB642009FB00F0D049097890FBF1F0EC
:1012C00000F0FF0B64200AFB00F0CC49097890FB8A
:1012D000F1F0C0B20590BBF13C0F0EDDC8480078BC
:1012E00058B90120C64908705946C6A00CF04CFAFE
:1012F00005215A2007F092FD0DE005983C280ADDF3
:10130000BF480078012806D10021BD480170C7A060
:1013100005990CF039FACF48007880B1CE480068C2
:10132000201A962837D30121002007F0CBFD032196
:10133000002007F0C7FD0020C64908702BE0B04828
:10134000007840BB9DB19FEDC50AB4EEC08AF1EEB6
:1013500010FA0CD20121642007F0B4FDBE480460ED
:101360000120BC490870BEA00CF00EFA13E096B143
:101370009FEDBA0AF4EEC08AF1EE10FA0BD2032107
:10138000642007F09FFDB44804600120B149087053
:10139000B8A00CF0F9F99A48007801287CD1BA4835
:1013A000007860B10020B84908705A20B749088019
:1013B0000878052107F032FDB5A00CF0E5F9BB482F
:1013C0000068201A42F21071884266D3B748046060
:1013D0009FED870AB0EE409AB54890ED000AB1EE55
:1013E000400AB0EE40BA9FEDB30A2BEE000AF0EED1
:1013F00040AAB6EE000AF4EEC0AAF1EE10FA03DD40
:10140000B6EE000AF0EE40AABEEE000AF4EEC0AA64
:10141000F1EE10FA03D2BEEE000AF0EE40AA39EE69
:101420002A0AB0EE409A7DB376B338EEC80AF0EEE1
:10143000400AB0EEE00AB3EE0E1AB4EEC10AF1EEC5
:1014400010FA20DD9FED9C1A20EE811AB0EE410AC1
:101450009FED9A1AB4EEC10AF1EE10FA03DD9FED8A
:10146000971AB0EE410A9FED961AB4EEC10AF1EE5A
:1014700010FA03D29FED921AB0EE410A39EE001A2B
:10148000B0EE419A00BF00BF9FED8E0AB4EEC09A45
:10149000F1EE10FA06DD01E057E047E09FED890A22
:1014A000B0EE409A9FED880AB4EEC09AF1EE10FAC1
:1014B00003D29FED850AB0EE409ABDEEC90A10EE48
:1014C000100A07B26FB37148008838446F4908802A
:1014D00008460088B42801DDB42008806B480088E5
:1014E000002802DA002069490880684908780A2142
:1014F00007F094FC65480088CDE902701DB116B173
:1015000038EEC80A01E09FED3A0AB7EEC00A8DED49
:10151000000B674890ED000AB7EEC00A53EC102BA1
:1015200000E002E069A00CF02FF900BF77480068E6
:10153000201A40F6B831884247D3744804605349B2
:1015400008780A2107F06AFC3FE071480068201A19
:10155000B0F57A7F39D36E4804606E480068404227
:101560006C490860084690ED000AF8EEC00A9FED4D
:101570003B1A9FED690A00EE810AB0EE409A9FED9A
:10158000670AB4EEC09AF1EE10FA03DD9FED630A2C
:10159000B0EE409AB5EEC09AF1EE10FA03D29FED8C
:1015A000140AB0EE409ABCEEC90A10EE100A5C496B
:1015B00008800878052107F031FCB7EEC90A53EC22
:1015C000102B58A00CF0E0F800BF5B480068201A10
:1015D000B0F5967F07D35848046009480078012881
:1015E00002D156A0AFE0C0E0ACE0000000007A45B8
:1015F000000000002E110024AC000024AD000024E7
:10160000AE0000245B4354524C5D20456E746572FD
:1016100020464F435553206D6F64652028726174D6
:10162000696F3D25642525290D0A00005B4354524E
:101630004C5D20456E7465722052454C4158206DBA
:101640006F64652028726174696F3D2564252529C2
:101650000D0A0000B4000024B0000024000048423D
:101660004C65667420636F6C6C6973696F6E210DD5
:101670000A000000526967687420636F6C6C6973BC
:10168000696F6E210D0A0000C2000024C000002412
:101690005B464F4355535D2053657420616E676C04
:1016A0006520746F2039300A00000000BC0000245F
:1016B00000000024CDCC4C3D0AD7233C9A99993E9A
:1016C0009A9999BECDCC4C3FCDCC4CBF5B534C4F7F
:1016D0005720434F5252454354494F4E5D20526F5D
:1016E0006C6C3D252E3266206572726F725F746F6E
:1016F000663D252E316620737465703D256420613A
:101700006E676C653D25640A00000000C40000247B
:10171000C8000024CC0000240000B4420000344380
:10172000B60000245357494E4720616E676C653DF3
:10173000252E30660A000000B8000024464F4355AD
:10174000530000000BA007460C480088B7EEE80ADB
:1017500004908DED020BB7EEC80A8DED000B4246EA
:10176000394607A00CF010F800BF07B0BDEC088B9D
:10177000BDE8F08F52454C4158000000B6000024EF
:101780005B25735D204154543D253364207C204CFF
:101790003D25332E306620523D25332E3066207C89
:1017A00020616E676C653D2533640D0A0000000002
:1017B00000BFFEE72DE9FF470546002403A92846A0
:1017C0000AF0FAFA044695F87C9340F27F30465DC1
:1017D00034B902AB01AA694628460AF072F90446F8
:1017E0001CB928460BF00FFF04462CB94FF4FA71D0
:1017F000284609F027FC044644B9D5F8148043462E
:1018000032464946284607F07DFB044644B928463F
:101810009DE80E000BF0AAFE04460CB90298286160
:1018200024B903A928460BF0C9FE044634B9AF78A1
:101830000622394628460AF0F0FF044614B940F261
:101840007E304655204604B0BDE8F0873EB50346DD
:101850000C46002017A52D68029517A52D68019547
:1018600016A52D68009501251570012C02D0022CBB
:1018700004D101E0002103E0012101E0022100BFC9
:1018800000BF032B08D0042B02D0082B0CD107E09B
:1018900002AD6D5C15700AE001AD6D5C157006E07F
:1018A0001DF80150157002E06FF0070000BF00BF87
:1018B0003EBD0000020103000706080024252600A3
:1018C0002DE9F04F06460F4613464FF496784FF039
:1018D0001E09DFF884C0DFF884A041F69A1B0EB918
:1018E000002037E0072F01D1322033E0B3F93CE08C
:1018F000C64502DA4FEA094103E0B3F93CE00EFBCA
:101900000BF181B1B3F838E00EFB0AF202EB5102A1
:10191000B2FBF1F21204624502D8ACEB020404E01F
:101920004FF4481401E04FF4C804C4F30745642D94
:1019300002DD4FF0640E00E0AE46BEF1320F06DD70
:10194000642D02DD4FF0640E03E0AE4601E04FF07F
:10195000320E7046BDE8F08F33B37500CDCC300049
:1019600001460A1F102A1BD2DFE802F00E0C1012EB
:1019700016181A1A141A1A1A1A1A080A0A2011E042
:1019800006200FE004200DE002200BE0012009E01A
:10199000072007E0092005E0032003E0002001E024
:1019A000FF2000BF00BF704770470146B1F5967F2A
:1019B00001DB14207047642901DC6420FAE73C2035
:1019C000F8E772B600BFFEE70748006840F0020083
:1019D0000549086000BF04480838006800F400505A
:1019E0000028F8D0704700000C4802582DE9F04359
:1019F00099B004460E464FF00008306800B100BFB1
:101A000000BF94F85000012803D1022019B0BDE8AE
:101A1000F083012084F8500000BF0020159016903C
:101A200046492068884202D14548009001E00020E4
:101A30000090009850B9606D40F02000606500BFD4
:101A4000002084F8500000BF0120DFE7009806F076
:101A500056FA0746206806F052FA002861D1002F96
:101A60005FD136492068884203D0354920688842D2
:101A700001D1344800E034480546306858B3A868BE
:101A800020F4404071680843A8602C4920688842CF
:101A900003D02B492068884201D12A4800E02A4817
:101AA0002849884209D1254806F01AFA8146244877
:101AB00006F016FA49EA000002E0244806F010FA9F
:101AC00070BBB16830680843A96840F61F72914343
:101AD0000843A8602BE0A86820F44040A86017499C
:101AE0002068884203D016492068884201D11548F1
:101AF00000E015481349884209D1104806F0F0F972
:101B000081460F4806F0ECF949EA000002E00F4870
:101B100006F0E6F920B9A86840F61F718843A8606E
:101B200005E0606D40F0200060654FF0010800BFE7
:101B3000002084F8500000BF404667E700200240C4
:101B40000021024000230240006302580060025856
:101B50002DE9F84F04460D464FF0000A0020009092
:101B600094F83800012800D100E000BFFC49E86883
:101B7000884200D00EE0FB492068884200D100BFB7
:101B8000F9492068884200D100BFF849206888429E
:101B900000D100BF00BF94F85000012802D10220FC
:101BA000BDE8F88F012084F8500000BF206806F0DF
:101BB000A1F9002870D1286800F00040A8B9206879
:101BC000C1692868C0F3130018B92868C0F384609D
:101BD00004E0286890FAA0F0B0FA80F000F01F024C
:101BE0000120904001432068C1612168D5E90020AF
:101BF00001F1300CC0F3012B0CEB8B03D3F800C0C8
:101C000000F01F0E4FF01F0B0BFA0EFB2CEA0B0C13
:101C100000F01F0BC2F3846E0EFA0BFE4CEA0E0CA2
:101C2000C3F800C000BF206806F064F98146206850
:101C300006F04CF98046B9F1000F78D1B8F1000FE9
:101C4000FBD12168AA68286801F1140CC0F3406B2D
:101C50000CEB8B03D3F800C0C0F3045E4FF0070B0E
:101C60000BFA0EFB2CEA0B0CC0F3045B02FA0BFB25
:101C70004CEA0B0CC3F800C000BFBD48006800F080
:101C80007040B0F1805F08D168692168C968C1F30C
:101C900082014900884015E013E22068C06800F026
:101CA000100038B968692168C968C1F38201490028
:101CB000884007E068692168C96801F01001890857
:101CC000490088400746286904283FD020682A68D0
:101CD000296900F1600C0CEB8103D3F800C00CF013
:101CE000004C02F0F84B4BEA070B4CEA0B0CC3F824
:101CF00000C000BF20686A7E2969012A01D1D2078D
:101D000000E00022134600F1600C0CEB8102D2F8D7
:101D100000C02CF0004C4CEA030CC2F800C000BF1D
:101D200020682B7E2969012B02D1DB0201E045E00E
:101D300000231A46036923F4F04301F01F0C02FA52
:101D40000CFC43EA0C03036100BF37E02068006E1F
:101D500000F0F8402978B0EB816F05D12068006E63
:101D600020F00040216808662068406E00F0F840CE
:101D70002978B0EB816F05D12068406E20F00040DB
:101D8000216848662068806E00F0F8402978B0EB42
:101D9000816F05D12068806E20F000402168886640
:101DA0002068C06E00F0F8402978B0EB816F05D153
:101DB0002068C06E20F000402168C866206806F0E8
:101DC0008AF800286FD12068EA682968D0F8C0C076
:101DD000C1F313032CEA030C02F0180B654B23FA32
:101DE0000BF30B404CEA030CC0F8C0C000BF5C49C9
:101DF000E868884270D15B4B206898423DD15E4BC9
:101E00002A689A4201D1012276E05C4B2A689A4204
:101E100001D15B4A70E05B4B2A689A4201D15A4A71
:101E20006AE05A4B2A689A4201D1594A64E0594BF8
:101E30002A689A4201D1584A5EE0584B2A689A4271
:101E400001D1574A58E0564B2A689A4201D1554A67
:101E500052E0544B2A689A4201D1534A4CE0534B0A
:101E60002A689A4201D1524A46E0524B2A689A4265
:101E700001D1514A40E000223EE03B4B22689A42A9
:101E800039D13D4B2A689A4201D1012234E03B4BC3
:101E90002A689A4201D13A4A2EE03A4B2A689A427D
:101EA00002D1394A28E0B4E0384B2A689A4201D17D
:101EB000374A21E0374B2A689A4201D1364A1BE063
:101EC000364B2A689A4201D1354A15E0344B2A68CC
:101ED0009A4202D1334A0FE023E0324B2A689A42F9
:101EE00001D1314A08E0334B2A689A4201D1324A83
:101EF00002E0002200E000221146C369C1F3130290
:101F000012B9C1F3846203E091FAA1F2B2FA82F24B
:101F100002F01F0C012202FA0CF21343C36100BF4E
:101F200000BF286800F00040002872D00D4A2168E8
:101F3000914203D00C4A2168914201D11F4900E02F
:101F40001F490846816801F0E07600BF0549206816
:101F5000884203D004492068884233D1174832E0D0
:101F60000000FF47002002400021024000600258AC
:101F70000010005CFFFF0F00020030040400600846
:101F8000400020190800900C8000501D1000C01067
:101F9000000180212000F0140002B0250004002A76
:101FA0000008302E001060320020903600002143DF
:101FB000000052470000844B0000B84F002302404D
:101FC0000063025845484649884209D1454805F012
:101FD00082FF8346444805F07EFF4BEA000002E0A2
:101FE000424805F078FFE8BB41492868884227D17C
:101FF00006F4000020BB3D492068884267D1394B78
:1020000022689A4203D0384B22689A4202D1344A5D
:1020100001E032E0314A104646F4000105F074FF59
:10202000344800683449B0FBF1F0401C4000009097
:1020300002E00098401E009000980028F9D146E088
:102040002E492868884219D106F08070B0B9274916
:10205000206888423BD1234B22689A4205D0224B0C
:10206000226800E026E09A4201D11D4A00E01B4AA6
:10207000104646F0807105F047FF28E020492868A7
:10208000884224D106F4800008BB184920688842A1
:102090001DD1144B22689A4203D0134B22689A42F6
:1020A00001D10F4A00E00D4A104646F4800105F0C8
:1020B0002BFF0CE0606D40F0200060654FF0010ADE
:1020C00005E0606D40F0200060654FF0010A00BF40
:1020D000002084F8500000BF504661E500630258BC
:1020E000002302400020024000210240006002580C
:1020F000000084CB20000024400D0300000052C7E4
:102100000000B8CF2DE9F84F04464FF00009002039
:10211000009014B90120BDE8F88FE06818B1207F65
:10212000012800D100BF606D30B9204600F030F9C1
:102130000020A06584F8500020688168C1F34071D8
:1021400031B120688168874A1140816000BF00BFBB
:10215000206805F0CAFEA8B920688168824A11404B
:1021600041F08051816000BF804800688049B0FB29
:10217000F1F0401C009002E00098401E0090009892
:102180000028F9D1206805F0B0FE48B9606D40F034
:1021900010006065A06D40F00100A0654FF00109DE
:1021A000206805F0A7FE0646606D00F010000028CC
:1021B0007ED1002EFCD1606D20F4807040F00200D2
:1021C0006065206805F087FE78BB6A492068884210
:1021D00003D069492068884201D1684800E0684816
:1021E0006649884209D1634805F075FE8246624817
:1021F00005F071FE4AEA000002E0624805F06BFE5D
:1022000098B95C4B22689A4203D05B4B22689A4291
:1022100001D15A4A00E05A4A10466168826822F4A5
:102220007C120A43826000BF00BF00F057FE41F2FB
:10223000030188420ED9A06810280BD1607D216B64
:1022400041EA4030A168084340F00C01207F41EA98
:10225000004508E0607D216B41EA4030A1680843F9
:10226000217F40EA0145207F012803D1208C401EB8
:1022700045EA4045606A28B1A08C00F47870A16AF4
:10228000084305432068C0683F4908402843216847
:10229000C860206805F02EFE8046206805F016FE16
:1022A0000746B8F1000F3BD1D7BB207DE16A00E0C3
:1022B00050E041EA80352068C06844F20301884359
:1022C00028432168C86094F83800012817D1606A53
:1022D00008B1A06A00B900BFA08F401E012141EAE9
:1022E0000041206C0843616C0843A16C08432168DD
:1022F0000969264A114008432168086105E0206801
:10230000006920F00100216808612068006920F060
:102310007040616B0843216808612046FEF726FE85
:10232000E068012809D12068006B20F00F00A16946
:10233000491E08432168086305E02068006B20F00F
:102340000F0021680863606D20F0020040F001007A
:10235000606505E0606D40F0100060654FF00109B8
:102360004846D8E6C0FFFF5FC0FFFF7F2000002483
:10237000400D0300002002400021024000230240E3
:10238000006302580060025803C0F0FF1EF800FC12
:1023900010B5B8B00446142132A8FEF778F8C02171
:1023A00002A8FEF774F81D492068884234D14FF422
:1023B00000210020CDE9021088102B9002A802F025
:1023C000A9F908B1FFF7FDFA00BF1548006840F011
:1023D0002000134908600846006800F020000190C2
:1023E00000BF00BF00BF0E480830006840F0010089
:1023F0000B49083108600846006800F001000190B0
:1024000000BF00BF012032900320339000203490A1
:1024100032A9044800F056FC38B010BD002002403C
:10242000D8440258000002582DE9F041044600F05B
:102430005BFD804614B90120BDE8F08194F83500B9
:10244000022808D08020606500BF002084F8340096
:1024500000BF0120F0E7FE492068884249D0FC49CE
:1024600018312068884244D0F949303120688842C8
:102470003FD0F7494831206888423AD0F44960316A
:102480002068884235D0F24978312068884230D0BF
:10249000EF499031206888422BD0ED49A83120685F
:1024A000884226D0EB492068884222D0E949183179
:1024B000206888421DD0E74930312068884218D012
:1024C000E44948312068884213D0E24960312068ED
:1024D00088420ED0DF4978312068884209D0DD4932
:1024E00090312068884204D0DA49A83120688842B7
:1024F00001D1012000E0002068B12068006820F0D0
:102500001E00216808602068406920F08000216872
:102510004861256806E02068006820F00E00216808
:1025200008602568CA492068884270D0C8491831B7
:10253000206888426BD0C64930312068884266D016
:10254000C34948312068884261D0C1496031206860
:1025500088425CD0BE4978312068884257D0BC4957
:1025600090312068884252D0B949A8312068884209
:102570004DD0B8492068884249D0B6491831206802
:10258000884244D0B3493031206888423FD0B149B5
:102590004831206888423AD0AE496031206888428C
:1025A00035D0AC4978312068884230D0A949903183
:1025B000206888422BD0A749A8312068884226D0BD
:1025C000A5492068884222D0A34914312068884256
:1025D0001DD0A14928312068884218D09E493C313D
:1025E0002068884213D09C495031206888420ED020
:1025F000994964312068884209D097497831206828
:10260000884204D094498C312068884201D101204D
:1026100000E0002028B1206E006820F48070216E58
:1026200008608B492068884249D089491831206860
:10263000884244D086493031206888423FD084495E
:102640004831206888423AD0814960312068884208
:1026500035D07F4978312068884230D07C4990312C
:10266000206888422BD07A49A8312068884226D039
:1026700078492068884222D07649183120688842FB
:102680001DD0744930312068884218D071494831D2
:102690002068884213D06F496031206888420ED08C
:1026A0006C4978312068884209D06A4990312068A5
:1026B000884204D06749A8312068884206D1206842
:1026C000006820F001002168086005E020680068CB
:1026D00020F001002168086011E000F005FCA0EB8B
:1026E000080005280BD920206065032084F83500F8
:1026F00000BF002084F8340000BF01209CE6286859
:1027000000F001000028E8D151492068884249D0F2
:102710004F4918312068884244D04D4930312068F3
:1027200088423FD04A494831206888423AD04849D7
:1027300060312068884235D0454978312068884228
:1027400030D043499031206888422BD04049A8318D
:102750002068884226D03F492068884222D03D49DF
:102760001831206888421DD03A49303120688842AB
:1027700018D0384948312068884213D03549603133
:10278000206888420ED0334978312068884209D0C9
:10279000304990312068884204D02E49A831206801
:1027A000884201D1012000E0002040B1A66D94F8DC
:1027B0005C0000F01F013F208840B06007E0A76D7B
:1027C00094F85C0000F01F010120884078602049E7
:1027D0002068884276D01E4918312068884271D01E
:1027E0001B493031206888426CD019494831206833
:1027F000884267D0164960312068884262D0144907
:102800007831206888425DD0114990312068884233
:1028100058D00F49A8312068884253D00D4920680C
:1028200088424FD00B491831206888424AD0094964
:1028300030312068884245D00649483120688842B6
:1028400040D004496031206888423BD0014905E00E
:1028500010000240100402400854025878312068E9
:1028600088422FD02549206888422BD0234918312F
:102870002068884226D022492068884222D02049F8
:102880001431206888421DD01D49283120688842B3
:1028900018D01B493C312068884213D01849503168
:1028A000206888420ED0164964312068884209D0D9
:1028B000134978312068884204D011498C3120684E
:1028C000884201D1012000E0002068B1D4E919104C
:1028D0004860E06E40B1E06E006820F48070E16E08
:1028E0000860D4E91C104860012084F8350000BF5E
:1028F000002084F8340000BF00BF9DE5A004024022
:102900000854025870B504460CB9012070BD94F803
:102910003500022803D0802060650120F6E7DC49FD
:102920002068884249D0DA4918312068884244D06A
:10293000D7493031206888423FD0D5494831206896
:1029400088423AD0D24960312068884235D0D04997
:1029500078312068884230D0CD4990312068884253
:102960002BD0CB49A8312068884226D0C94920689D
:10297000884222D0C7491831206888421DD0C549F5
:1029800030312068884218D0C249483120688842D6
:1029900013D0C0496031206888420ED0BD497831DB
:1029A0002068884209D0BB4990312068884204D011
:1029B000B849A8312068884201D1012000E00020F8
:1029C000F0B3042084F83500B149206888424BD028
:1029D000AF4918312068884246D0AD49303120686F
:1029E000884241D0AA494831206888423CD0A84951
:1029F00060312068884237D0A54978312068884204
:102A000032D0A3499031206888422DD0A049A83106
:102A10002068884228D09F492068884224D09D4958
:102A20001831206888421FD09A4930312068884286
:102A30001AD0984948312068884215D0954900E05D
:102A400020E06031206888420ED0924978312068B9
:102A5000884209D08F4990312068884204D08D493E
:102A6000A8312068884206D12068006820F0010063
:102A70002168086009E12068006820F001002168F1
:102A8000086002E12068006820F00E0021680860FC
:102A90007F492068884249D07D49183120688842A2
:102AA00044D07B493031206888423FD07849483152
:102AB000206888423AD0764960312068884235D013
:102AC000734978312068884230D07149903120684C
:102AD00088422BD06E49A8312068884226D06D49A3
:102AE0002068884222D06B491831206888421DD066
:102AF000684930312068884218D0664948312068DA
:102B0000884213D063496031206888420ED0614901
:102B100078312068884209D05E4990312068884227
:102B200004D05C49A8312068884206D1206800683A
:102B300020F001002168086005E02068006820F0AE
:102B400001002168086052492068884270D05049CD
:102B50001831206888426BD04D4930312068884256
:102B600066D04B4948312068884261D0484960317D
:102B7000206888425CD0464978312068884257D026
:102B8000434990312068884252D04149A831206899
:102B900088424DD03F492068884249D03D4918318C
:102BA0002068884244D03B493031206888423FD079
:102BB00038494831206888423AD036496031206827
:102BC000884235D0334978312068884230D0314945
:102BD0009031206888422BD02E49A8312068884245
:102BE00026D02D492068884222D02B4914312068F4
:102BF00088421DD0284928312068884218D02649AB
:102C00003C312068884213D02349503120688842E3
:102C10000ED0214964312068884209D01E4978319C
:102C20002068884204D01C498C312068884201D138
:102C3000012000E00020D8B1206E006820F48070F0
:102C4000216E0860A56D94F85C0000F01F01012062
:102C500088406860D4E919104860E06E40B1E06EC9
:102C6000006820F48070E16E0860D4E91C104860B0
:102C7000012084F8350000BF002084F8340000BF34
:102C8000206D10B12046216D884700203EE60000EF
:102C900010000240100402400854025870B5044667
:102CA00000F022F906462546681C10B10448007859
:102CB000054400BF00F018F9801BA842FAD370BD8C
:102CC0001C000024F8B502460B4600216F4DD7E0EA
:102CD00001278F401E6806EA0704002C72D01E7977
:102CE00006F00306012E04D01E7906F00306022E1C
:102CF00013D190684F000326BE40B0434F00DE68FA
:102D0000BE4030439060506801268E40B0431E792B
:102D1000C6F300168E40304350601E7906F003065D
:102D2000032E09D0D0684F000326BE40B0434F00A9
:102D30009E68BE403043D0601E7906F00306022E26
:102D400013D1CF0802F1200656F827004E07F70EE0
:102D50000F26BE40B0434F07FF0E1E69BE403043F2
:102D6000CF0802F1200646F8270010684F0003261E
:102D7000BE40B0431E7906F003064F00BE4030430C
:102D800010605E6806F44036002E78D000BF404EDA
:102D9000366846F002063E4F3E603E46366806F014
:102DA0000206009600BF00BF3A4E8F0856F8270073
:102DB0008E07370F0F26BE40B043374EB24202D1C6
:102DC00000262EE05BE0354EB24201D1012628E01C
:102DD000334EB24201D1022623E0324EB24201D13B
:102DE00003261EE0304EB24201D1042619E02F4ED8
:102DF000B24201D1052614E02D4EB24201D1062681
:102E00000FE02C4EB24201D107260AE02A4EB24210
:102E100001D1082605E0294EB24201D1092600E081
:102E20000A268F073F0FBE4030431A4E8F0846F8E0
:102E300027004FF0B0463068A0435E6806F4801665
:102E400006B120434FF0B04630607068A0435E6822
:102E500006F4001606B120434FF0B0467060686873
:102E6000A0435E6806F4003606B120436860286817
:102E7000A0435E6806F4803606B120432860491CF2
:102E80001E68CE40002E7FF423AFF8BD80000058AE
:102E9000F444025808040058000002580004025884
:102EA00000080258000C0258001002580014025882
:102EB00000180258001C0258002002580024025832
:102EC000024613690B400BB1012000E0002070475F
:102ED0000AB1816101E00B04836170470148006819
:102EE000000C70470010005C01480068704700004B
:102EF00014000024024692F8410020282DD100BF82
:102F000092F84000012801D102207047012082F888
:102F1000400000BF242082F841001068006820F0C3
:102F20000100136818601068006820F4805013686E
:102F3000186010680068084313681860106800681B
:102F400040F0010013681860202082F8410000BFA3
:102F5000002082F8400000BFD7E70220D5E710B577
:102F600002460B4692F8410020282AD100BF92F871
:102F70004000012801D1022010BD012082F840004C
:102F800000BF242082F841001068006820F0010092
:102F9000146820601068016821F4706141EA03211F
:102FA000106801601068006840F00100146820603B
:102FB000202082F8410000BF002082F8400000BFBE
:102FC000DAE70220D8E7000010B504460CB901206A
:102FD00010BD94F8410028B9002084F84000204634
:102FE00000F0FAF9242084F841002068006820F0FD
:102FF000010021680860606820F070602168086145
:103000002068806820F4004021688860E06801281A
:1030100005D1A06840F400402168886004E0A06801
:1030200040F4044021688860E068022806D12068E6
:10303000406840F400602168486005E0206840680E
:1030400020F4006021684860206840681349084304
:10305000216848602068C06820F400402168C8608A
:10306000D4E904010843A16940EA01202168C8604D
:10307000D4E907010843216808602068006840F02F
:1030800001002168086000206064202084F841006D
:103090000020206384F8420000BF99E7008000020E
:1030A0002DE9FC5F0446894692469B46DDE90C7893
:1030B0000E9E94F8410020287ED117B1B8F1000F80
:1030C00005D14FF4007060640120BDE8FC9F00BF93
:1030D00094F84000012801D10220F6E7012084F88D
:1030E000400000BFFFF700FF054619230122D1036E
:1030F0002046009504F0B6FC08B10120E5E7222047
:1031000084F84100402084F8420000206064676237
:10311000A4F82A8060635B46524649462046CDE9C2
:10312000006504F007FC30B100BF002084F84000C7
:1031300000BF0120C9E7608DFF280CD9FF20208542
:103140003D48009094F828204FF08073494620466F
:1031500004F06CFC0BE0608D20853748009094F8FB
:1031600028204FF000734946204604F05FFC00BF62
:103170003346002204212046009504F073FC08B178
:103180000120A2E72068406A616A0870606A401CFA
:103190006062208D401E2085608D401E6085608DA0
:1031A00048B3208D38BB334600228021204600954D
:1031B00004F058FC18B100E03CE0012085E7608D88
:1031C000FF280CD9FF2020850020009094F82820AB
:1031D0004FF080734946204604F028FC0BE0608DD8
:1031E00020850020009094F828204FF00073494675
:1031F000204604F01BFC608D0028B9D12A463146D8
:10320000204604F070FC08B101205EE72020216810
:10321000C86120684068094908402168486020204A
:1032200084F84100002084F8420000BF84F8400088
:1032300000BF4AE7022048E70024008000E800FEC3
:103240002DE9FC5F0446894692469B46DDE90C78F1
:103250000E9E94F8410020287DD117B1B8F1000FDF
:1032600005D14FF4007060640120BDE8FC9F00BFF1
:1032700094F84000012801D10220F6E7012084F8EB
:10328000400000BFFFF730FE054619230122D1039D
:103290002046009504F0E6FB08B10120E5E7212077
:1032A00084F84100402084F8420000206064676296
:1032B000A4F82A8060635B46524649462046CDE921
:1032C000006504F075FB30B100BF002084F84000B9
:1032D00000BF0120C9E7608DFF280CD9FF202085A1
:1032E0000020009094F828204FF080734946204633
:1032F00004F09CFB0BE0608D20850020009094F88A
:1033000028204FF000734946204604F08FFB00BF91
:103310002A463146204604F016FC08B10120A4E7F5
:10332000606A007821688862606A401C6062608D13
:10333000401E6085208D401E2085608D40B3208D0D
:1033400030BB3346002280212046009504F08AFBE2
:1033500010B1012089E73AE0608DFF280CD9FF20E9
:1033600020850020009094F828204FF08073494673
:10337000204604F05BFB0BE0608D20850020009070
:1033800094F828204FF000734946204604F04EFB85
:10339000608D0028BCD12A463146204604F0A3FBAC
:1033A00008B1012061E720202168C86120684068D9
:1033B0000849084021684860202084F84100002026
:1033C00084F8420000BF84F8400000BF4DE70220AF
:1033D0004BE7000000E800FE10B5B8B00446142129
:1033E00032A8FDF754F8C02102A8FDF750F81E4995
:1033F0002068884236D108210020CDE902102390B0
:1034000002A801F087F908B1FEF7DBFA00BF174800
:10341000006840F00200154908600846006800F0A6
:103420000200019000BF00BF4FF4407032901220A4
:1034300033900020349035900420369032A90C4807
:10344000FFF740FC00BF09480830006840F4001056
:103450000649083108600846006800F40010019031
:1034600000BF00BF38B010BD00540040E044025817
:1034700000040258034800680349097808440149D8
:1034800008607047140000241C00002410B50320BD
:1034900000F04AF902F002FA10490968C1F3032169
:1034A0000F4A515C01F01F0120FA01F40B4800683B
:1034B00000F00F001146085C00F01F0024FA00F035
:1034C00008490860084804600F2000F00FF808B1B0
:1034D000012010BD00F0BEF80020FAE718440258A1
:1034E000F83301082400002420000024F0B58BB03C
:1034F0000446102C0AD200222146372000F0D6F8CC
:10350000372000F0BFF81C48046002E001200BB037
:10351000F0BD00BF1948006840F02000174908605E
:103520000846006800F02000019000BF00BF02A91B
:1035300003A802F033F9089E1EB902F08BF9054684
:1035400002E002F087F945000D48B5FBF0F0471E98
:103550000C480D49086040F2E7310B48C1604760F4
:1035600000210161816003F0D3F818B9064803F027
:1035700007F9CCE70120CAE718000024E844025804
:1035800040420F00001400400C0500244178154A09
:10359000116014490831096821F00101114A08320B
:1035A0001160121F41681160017B0907C27A41EA6C
:1035B0000261827A41EAC241427B41EA8241827BD6
:1035C00041EA4241C27B41EA0241427A41EA022198
:1035D000027A41EA420102781143024A083211603C
:1035E0007047000098ED00E000BF00BF00BFBFF3D0
:1035F0005F8F00BF00BF00BF0548006820F4803027
:1036000003490860002002497031086070470000DB
:1036100024ED00E040F001010D4A11600C497039C1
:10362000096841F480310A4A703A116000BF00BF56
:1036300000BFBFF34F8F00BF00BF00BF00BF00BF80
:1036400000BFBFF36F8F00BF00BF00BF7047000017
:1036500094ED00E008B500BF0948006840F00200A2
:10366000074908600846006800F00200009000BFAB
:1036700000BF00220F21901E00F018F808BD0000C6
:10368000F44402580146084600280DDB00BF00BF85
:1036900000F01F0301229A4043099B0003F1E0233D
:1036A000C3F8002100BF00BF00BF70472DE9F05FE5
:1036B00080460D4616460AF0A3F8074639462A46C4
:1036C000334601F00700C0F1070ABAF1040F02D92E
:1036D0004FF0040A01E0C0F1070AD14600F1040AE4
:1036E000BAF1070F02D24FF0000A01E0A0F1030A7D
:1036F000D4464FF0010A0AFA09FAAAF1010A0AEAC5
:10370000020A0AFA0CFA4FF0010B0BFA0CFBABF1B0
:10371000010B0BEA030B4AEA0B04214640460AF070
:1037200077F8BDE8F09F000000BF00F00702064BED
:1037300019684FF6FF031940044B0B4343EA02217B
:10374000014B196000BF70470CED00E00000FA0566
:1037500070B5044615480068C0F3800048B91348A6
:10376000006800F00700A04201D0012070BD0020D9
:10377000FCE70E48006820F0070020430B49086072
:10378000FFF7B2FB054607E0FFF7AEFB401BB0F5C5
:103790007A7F01D90120E9E7044808380068C0F3BE
:1037A00040300028F0D00020E0E700000C4802582C
:1037B00010B502F029F805490968C1F30211044A5D
:1037C000515C01F01F01C84010BD000020440258A8
:1037D000F833010870B50146844D2D6805F00303E8
:1037E000824D2D68C5F30510804D2D1D2D6805F007
:1037F00001047E4D0C352D68C5F3CC0515FB04F591
:1038000001EE105AB8EE411AF0EE410A00286FD0CE
:1038100023B1012B4ED0022B6BD16BE0734D283DB1
:103820002D68C5F340153DB3704D283D2D68C5F397
:10383000C1066F4D25FA06F201EE102AF8EE411A84
:1038400001EE100AB8EE411A81EE812A9FED691A45
:10385000C0EE811A654D08352D68C5F3080501EEE7
:10386000105AB8EE411A31EE811AF7EE001A31EE15
:10387000211A22EE010A1CE001EE100AB8EE411AEC
:10388000DFED5D1A81EE812A9FED5A1AC0EE811A92
:10389000564D08352D68C5F3080501EE105AB8EEEF
:1038A000411A31EE811AF7EE001A31EE211A22EE9A
:1038B000010A5BE001EE100AB8EE411ADFED4F1A83
:1038C00081EE812A9FED4B1AC0EE811A474D0835D3
:1038D0002D68C5F3080501EE105AB8EE411A31EE15
:1038E000811AF7EE001A31EE211A22EE010A3DE0AC
:1038F00077E01DE001EE100AB8EE411A9FED402A74
:10390000C2EE011A9FED3B1A80EE812A374D083531
:103910002D68C5F3080501EE105AB8EE411A32EED3
:10392000011AB7EE002A31EE021A21EE810A1DE0DB
:1039300001EE100AB8EE411ADFED2F1A81EE812A4E
:103940009FED2C1AC0EE811A284D08352D68C5F35D
:10395000080501EE105AB8EE411A31EE811AF7EE61
:10396000001A31EE211A22EE010A00BF00BF1F4DDE
:1039700008352D68C5F3462501EE105AB8EE411AF8
:10398000F7EE001A31EE211AC0EE011ABCEEE11A70
:1039900081ED001A154D08352D68C5F3064501EE79
:1039A000105AB8EE411AF7EE001A31EE211AC0EEA5
:1039B000011ABCEEE11A81ED011A0C4D08352D6893
:1039C000C5F3066501EE105AB8EE411AF7EE001A7B
:1039D00031EE211AC0EE011ABCEEE11A81ED021A95
:1039E00003E000250D604D608D6070BD28440258D5
:1039F0000090D003000000460024744C0024744A58
:103A000020BCBE4B70B50146844D2D6805F0030304
:103A1000824D2D68C5F30530804D2D1D2D68C5F3F1
:103A200000147E4D14352D68C5F3CC0515FB04F547
:103A300001EE105AB8EE411AF0EE410A00286FD09C
:103A400023B1012B4ED0022B6BD16BE0734D283D7F
:103A50002D68C5F340153DB3704D283D2D68C5F365
:103A6000C1066F4D25FA06F201EE102AF8EE411A52
:103A700001EE100AB8EE411A81EE812A9FED691A13
:103A8000C0EE811A654D10352D68C5F3080501EEAD
:103A9000105AB8EE411A31EE811AF7EE001A31EEE3
:103AA000211A22EE010A1CE001EE100AB8EE411ABA
:103AB000DFED5D1A81EE812A9FED5A1AC0EE811A60
:103AC000564D10352D68C5F3080501EE105AB8EEB5
:103AD000411A31EE811AF7EE001A31EE211A22EE68
:103AE000010A5BE001EE100AB8EE411ADFED4F1A51
:103AF00081EE812A9FED4B1AC0EE811A474D103599
:103B00002D68C5F3080501EE105AB8EE411A31EEE2
:103B1000811AF7EE001A31EE211A22EE010A3DE079
:103B200077E01DE001EE100AB8EE411A9FED402A41
:103B3000C2EE011A9FED3B1A80EE812A374D1035F7
:103B40002D68C5F3080501EE105AB8EE411A32EEA1
:103B5000011AB7EE002A31EE021A21EE810A1DE0A9
:103B600001EE100AB8EE411ADFED301A81EE812A1B
:103B70009FED2C1AC0EE811A284D10352D68C5F323
:103B8000080501EE105AB8EE411A31EE811AF7EE2F
:103B9000001A31EE211A22EE010A00BF00BF1F4DAC
:103BA00010352D68C5F3462501EE105AB8EE411ABE
:103BB000F7EE001A31EE211AC0EE011ABCEEE11A3E
:103BC00081ED001A154D10352D68C5F3064501EE3F
:103BD000105AB8EE411AF7EE001A31EE211AC0EE73
:103BE000011ABCEEE11A81ED011A0C4D10352D6859
:103BF000C5F3066501EE105AB8EE411AF7EE001A49
:103C000031EE211AC0EE011ABCEEE11A81ED021A62
:103C100003E000250D604D608D6070BD28440258A2
:103C20000090D003000000460024744C0024744A25
:103C300020BCBE4B70B50146844D2D6805F00303D2
:103C4000824D2D68C5F30550804D2D1D2D68C5F39F
:103C500000247E4D1C352D68C5F3CC0515FB04F5FD
:103C600001EE105AB8EE411AF0EE410A00286FD06A
:103C700023B1012B4ED0022B6BD16BE0734D283D4D
:103C80002D68C5F340153DB3704D283D2D68C5F333
:103C9000C1066F4D25FA06F201EE102AF8EE411A20
:103CA00001EE100AB8EE411A81EE812A9FED691AE1
:103CB000C0EE811A654D18352D68C5F3080501EE73
:103CC000105AB8EE411A31EE811AF7EE001A31EEB1
:103CD000211A22EE010A1CE001EE100AB8EE411A88
:103CE000DFED5D1A81EE812A9FED5A1AC0EE811A2E
:103CF000564D18352D68C5F3080501EE105AB8EE7B
:103D0000411A31EE811AF7EE001A31EE211A22EE35
:103D1000010A5BE001EE100AB8EE411ADFED4F1A1E
:103D200081EE812A9FED4B1AC0EE811A474D18355E
:103D30002D68C5F3080501EE105AB8EE411A31EEB0
:103D4000811AF7EE001A31EE211A22EE010A3DE047
:103D500077E01DE001EE100AB8EE411A9FED402A0F
:103D6000C2EE011A9FED3B1A80EE812A374D1835BD
:103D70002D68C5F3080501EE105AB8EE411A32EE6F
:103D8000011AB7EE002A31EE021A21EE810A1DE077
:103D900001EE100AB8EE411ADFED301A81EE812AE9
:103DA0009FED2C1AC0EE811A284D18352D68C5F3E9
:103DB000080501EE105AB8EE411A31EE811AF7EEFD
:103DC000001A31EE211A22EE010A00BF00BF1F4D7A
:103DD00018352D68C5F3462501EE105AB8EE411A84
:103DE000F7EE001A31EE211AC0EE011ABCEEE11A0C
:103DF00081ED001A154D18352D68C5F3064501EE05
:103E0000105AB8EE411AF7EE001A31EE211AC0EE40
:103E1000011ABCEEE11A81ED011A0C4D18352D681E
:103E2000C5F3066501EE105AB8EE411AF7EE001A16
:103E300031EE211AC0EE011ABCEEE11A81ED021A30
:103E400003E000250D604D608D6070BD2844025870
:103E50000090D003000000460024744C0024744AF3
:103E600020BCBE4B2DE9F04389B006460F464FF407
:103E7000807186EA0100384370D1F748006800F08D
:103E80000709B9F1050F65D2DFE809F003122162D5
:103E90003000F1485038006800F00070B0F1007F49
:103EA00004D106A8FFF796FC079C00E0002453E02D
:103EB000E9485038006800F00060B0F1006F04D1AC
:103EC00003A8FFF79FFD039C00E0002444E0E248C4
:103ED0005038006800F00050B0F1005F04D168462F
:103EE000FFF7A8FE009C00E0002435E0DA48001F40
:103EF000006800F04055D8485038006800F00400D1
:103F0000042809D145B9D44850380068C0F3C1012C
:103F1000D24820FA01F41AE0CF485038006800F483
:103F20008070B0F5807F04D1B5F1805F01D1CC4CB9
:103F30000DE0C9485038006800F40030B0F5003F8B
:103F400004D1B5F1005F01D1C64C00E0002403E0CC
:103F5000C54C01E0002400BFD4E3FFE74FF400713B
:103F600086EA010038437AD1BB48006800F4E07962
:103F7000B9F1800F2CD006DCB9F1000F0AD0B9F1ED
:103F8000400F69D115E0B9F1C00F63D0B9F5807F5A
:103F900062D12CE0B0485038006800F00070B0F1F9
:103FA000007F04D106A8FFF715FC079C00E0002461
:103FB00054E0A9485038006800F00060B0F1006F8C
:103FC00004D103A8FFF71EFD039C00E0002445E098
:103FD000A1485038006800F00050B0F1005F04D1F3
:103FE0006846FFF727FE009C00E0002436E09A4870
:103FF000001F006800F0405597485038006800F0F6
:104000000400042809D145B9934850380068C0F32A
:10401000C101924820FA01F41BE08F485038006833
:1040200000F48070B0F5807F04D1B5F1805F01D1DC
:104030008B4C0EE088485038006800F40030B0F532
:10404000003F05D1B5F1005F02D1864C01E006E0EA
:10405000002403E0844C01E0002400BF52E34FF44D
:10406000806186EA010038437BD17B4808300068D4
:1040700000F46009B9F5800F2CD006DCB9F1000F0F
:104080000AD0B9F5001F69D115E0B9F5C00F63D0AA
:10409000B9F5000F62D12CE06F485038006800F08D
:1040A0000070B0F1007F04D106A8FFF793FB079CD6
:1040B00000E0002454E068485038006800F00060D8
:1040C000B0F1006F04D103A8FFF79CFC039C00E053
:1040D000002445E060485038006800F00050B0F11E
:1040E000005F04D16846FFF7A5FD009C00E00024B6
:1040F00036E05948001F006800F0405556485038D7
:10410000006800F00400042809D145B9524850382D
:104110000068C0F3C101514820FA01F41BE04E4889
:104120005038006800F48070B0F5807F04D1B5F19C
:10413000805F01D14A4C0EE047485038006800F4D7
:104140000030B0F5003F05D1B5F1005F02D1454C1C
:1041500001E006E0002403E0434C01E0002400BF3E
:10416000D0E24FF4006186EA0100384373D13A4847
:104170000830006800F0E069B9F1007F2CD006DC5F
:10418000B9F1000F0AD0B9F1807F75D115E0B9F10E
:10419000407F6FD0B9F1806F6ED12CE02E4850383F
:1041A000006800F00070B0F1007F04D106A8FFF7AE
:1041B00011FB079C00E0002460E0274850380068AD
:1041C00000F00060B0F1006F04D103A8FFF71AFC03
:1041D000039C00E0002451E01F485038006800F0C4
:1041E0000050B0F1005F04D16846FFF723FD009C4A
:1041F00000E0002442E01848001F006800F040552D
:1042000015485038006800F00400042809D145B969
:10421000114850380068C0F3C101104820FA01F479
:1042200027E00D485038006800F48070B0F5807FBA
:1042300004D1B5F1805F01D1094C1AE0064850382D
:10424000006800F40030B0F5003F11D1B5F1005F17
:104250000ED1044C0DE012E0504402580090D003FF
:1042600000093D0040787D010080BB0004E001E0D2
:10427000002403E0F74C01E0002400BF42E24FF4C9
:10428000805186EA010038437AD1F348006800F48F
:10429000E048B8F5005F2CD006DCB8F1000F0AD07A
:1042A000B8F5805F69D115E0B8F5405F63D0B8F527
:1042B000804F62D12CE0E8485038006800F0007070
:1042C000B0F1007F04D106A8FFF784FA079C00E054
:1042D000002454E0E0485038006800F00060B0F17D
:1042E000006F04D103A8FFF78DFB039C00E00024BE
:1042F00045E0D9485038006800F00050B0F1005F48
:1043000004D16846FFF796FC009C00E0002436E0EC
:10431000D148001F006800F04055CF485038006871
:1043200000F00400042809D145B9CB485038006892
:10433000C0F3C101C94820FA01F41BE0C648503857
:10434000006800F48070B0F5807F04D1B5F1805F23
:1043500001D1C34C0EE0C0485038006800F4003072
:10436000B0F5003F05D1B5F1005F02D1BD4C01E0D1
:1043700006E0002403E0B74C01E0002400BFC1E1E7
:104380004FF4005186EA0100384367D1B248006813
:1043900000F4E028B8F5403F33D009DCB8F1000F55
:1043A0000DD0B8F5803F0ED0B8F5003F53D119E0DD
:1043B000B8F5802F37D0B8F5A02F4CD13FE001F0F1
:1043C00049FA044649E0A4485038006800F000600B
:1043D000B0F1006F04D103A8FFF714FB049C00E0C8
:1043E00000243AE09C485038006800F00050B0F1DA
:1043F000005F04D16846FFF71DFC019C00E000242B
:104400002BE095485038006800F00400042808D1DB
:10441000914850380068C0F3C101904820FA01F477
:1044200000E0002419E08C485038006800F48070E7
:10443000B0F5807F01D18A4C00E000240DE0864871
:104440005038006800F40030B0F5003F01D1854CD1
:1044500000E0002401E0002400BF53E14FF40021FC
:1044600086EA0100384361D17B480830006800F4D7
:104470004038B8F1000F06D0B8F5803F12D0B8F53B
:10448000003F50D11DE074485038006800F00060D3
:10449000B0F1006F04D103A8FFF7B4FA039C00E069
:1044A000002442E06C485038006800F00050B0F141
:1044B000005F04D16846FFF7BDFB029C00E00024CA
:1044C00033E06548001F006800F0405562485038EE
:1044D000006800F00400042809D145B95E4850384E
:1044E0000068C0F3C1015D4820FA01F41AE05A489F
:1044F0005038006800F48070B0F5807F04D1B5F1C9
:10450000805F01D1564C0DE053485038006800F4EC
:104510000030B0F5003F04D1B5F1005F01D1514C3E
:1045200000E0002401E0002400BFEBE04FF4803104
:1045300086EA010038432CD14748001F006800F488
:104540008038B8F1000F03D0B8F5803F1ED10EE0DF
:1045500041485038006800F00070B0F1007F04D18D
:1045600006A8FFF737F9079C00E0002410E03A485E
:104570005038006800F00060B0F1006F04D103A86B
:10458000FFF740FA059C00E0002401E0002400BF92
:10459000B8E04FF4804186EA0100384372D12E48DA
:1045A0000830006800F0E048B8F1405F33D009DC23
:1045B000B8F1000F0DD0B8F1805F0ED0B8F1005FF8
:1045C0005DD119E0B8F1804F37D0B8F1A04F56D186
:1045D0004AE0FFF7EDF8044653E01F485038006802
:1045E00000F00060B0F1006F04D103A8FFF70AFAF1
:1045F000049C00E0002444E017485038006800F0B4
:104600000050B0F1005F04D16846FFF713FB019C36
:1046100000E0002435E010485038006800F0040045
:10462000042808D10C4850380068C0F3C1010B4879
:1046300020FA01F400E0002423E007485038006825
:1046400000F48070B0F5807F01D1054C00E00024BB
:1046500017E017E00080BB00504402580090D003E0
:1046600000093D0040787D012848006800F40030D2
:10467000B0F5003F01D1264C00E0002401E0002409
:1046800000BF3FE04FF4004186EA0100384338D1D3
:104690001E485030006800F04058B8F1000F06D0B6
:1046A000B8F1805F0ED0B8F1005F27D118E017484D
:1046B000006800F40030B0F5003F01D1144C00E078
:1046C00000241DE01148006800F00070B0F1007F88
:1046D00004D106A8FFF77EF8079C00E000240FE055
:1046E0000A48006800F00060B0F1006F04D103A830
:1046F000FFF788F9049C00E0002401E0002400BFDB
:1047000000E00024204609B0BDE8F08300440258D0
:1047100040787D012DE9F04104460025A8464FF080
:104720000062D4E900101140002013465940404077
:10473000014331D1A06E48B1B0F5801F0DD0B0F566
:10474000001F11D0B0F5401F16D114E0F9480068E1
:1047500040F40030F749086010E0022104F108003D
:1047600004F0C8F9054609E0022104F1280004F02C
:1047700073FA054602E001E0012500BF00BF55B90C
:10478000EC482430006820F44010A16E0843E94949
:104790002431086000E0A8464FF48073D4E900108B
:1047A000194000205940404001432ED1A06D0528FA
:1047B0001BD2DFE800F0030A11181900DD48006879
:1047C00040F40030DB49086011E0002104F10800EA
:1047D00004F090F905460AE0002104F1280004F0F5
:1047E0003BFA054603E002E001E0012500BF00BFFF
:1047F00055B9D0482430006820F00700A16D084367
:10480000CC492431086000E0A8464FF40073D4E995
:1048100000101940002059404040014334D1E06D60
:10482000802818D003DC40B140281DD10CE0C028FE
:1048300018D0B0F5807F17D115E0BE48006840F46D
:104840000030BC49086011E0002104F1080004F0C8
:1048500051F905460AE0002104F1280004F0FCF9B2
:10486000054603E002E001E0012500BF00BF55B9A5
:10487000B0482430006820F4E070E16D0843AD4991
:104880002431086000E0A8464FF48063D4E90010AA
:104890001940002059404040014339D1D4F8A800C4
:1048A000B0F5800F1AD004DC50B1B0F5001F1ED156
:1048B0000DE0B0F5C00F18D0B0F5000F17D115E01E
:1048C0009C48006840F400309A49086011E00021DB
:1048D00004F1080004F00EF905460AE0002104F195
:1048E000280004F0B9F9054603E002E001E00125E3
:1048F00000BF00BF5DB98F482C30006820F4600015
:10490000D4F8A81008438B492C31086000E0A84671
:104910004FF40062D4E900101140002013465940C2
:104920004040014339D1D4F8AC00B0F1007F1AD037
:1049300004DC50B1B0F1807F1ED10DE0B0F1407FBA
:1049400018D0B0F1806F17D115E07A48006840F4B4
:1049500000307849086011E0002104F1080004F0FB
:10496000C9F805460AE0002104F1280004F074F9B2
:10497000054603E002E001E0012500BF00BF5DB98C
:104980006C482C30006820F0E060D4F8AC1008438C
:1049900068492C31086000E0A8464FF00073D4E964
:1049A00000011840002158404940084328D1E06CDC
:1049B000A8B1102804D0202809D0302810D10DE04B
:1049C0005C48006840F400305A4908600AE002215F
:1049D00004F1080004F08EF8054603E002E001E06F
:1049E000012500BF00BF55B952482030006820F0B3
:1049F0003000E16C08434F492031086000E0A846D0
:104A00004FF48053D4E90010194000205940404031
:104A1000014337D1206EB0F5005F1AD004DC50B1ED
:104A2000B0F5805F1ED10DE0B0F5405F18D0B0F555
:104A3000804F17D115E03F48006840F400303D49F1
:104A4000086011E0002104F1080004F053F8054665
:104A50000AE0002104F1280004F0FEF8054603E016
:104A600002E001E0012500BF00BF55B93148243004
:104A7000006820F4E040216E08432E49243108608C
:104A800000E0A8464FF40053D4E90010194000207C
:104A900059404040014335D1606EB0F5403F1ED0D3
:104AA00007DC68B1B0F5803F0BD0B0F5003F19D1FD
:104AB0000EE0B0F5802F13D0B0F5A02F12D110E08A
:104AC00012E0012104F1080004F014F805460BE09F
:104AD000012104F1280004F0BFF8054604E003E0DA
:104AE00002E001E0012500BF00BF55B911482430A4
:104AF000006820F4E020616E08430E49243108600C
:104B000000E0A8464FF48043D4E90001184000219A
:104B100058404940084337D1D4F8B000B0F1405F65
:104B200020D009DC78B1B0F1805F0DD0B0F1005F2A
:104B30001BD110E02C440258B0F1804F13D0B0F1DB
:104B4000A04F12D110E012E0012104F1080003F09F
:104B5000D1FF05460BE0012104F1280004F07CF8A8
:104B6000054604E003E002E001E0012500BF00BFCC
:104B70004DB9FE48006820F0E040D4F8B01008437A
:104B8000FA49086000E0A8464FF40042D4E900105A
:104B900011400020134659404040014329D1206F65
:104BA000B0B1B0F1805F03D0B0F1005F11D108E087
:104BB000EE482C38006840F40030EC492C3908608D
:104BC00009E0012104F1080003F094FF054602E02A
:104BD00001E0012500BF00BF55B9E448083800686E
:104BE00020F04050216F0843E0490839086000E098
:104BF000A8464FF08072D4E90010114000201346FF
:104C00005940404001432AD1A06CB8B1012804D0DA
:104C100002280BD0032812D10FE0D4482C380068AA
:104C200040F40030D1492C3908600AE0022104F137
:104C3000080003F05FFF054603E002E001E0012504
:104C400000BF00BF55B9C9480C38006820F0030008
:104C5000A16C0843C5490C39086000E0A8464FF430
:104C60008002D4E900011040002113465840494019
:104C700008437DD1BE48006840F48070BC4908609C
:104C8000FEF732F9064606E0FEF72EF9801B64288F
:104C900001D9032505E0B648006800F480700028BB
:104CA000F2D000BF85BBB1481830006800F44070F6
:104CB000B4F8B41001F44071884213D0AB481830F6
:104CC000006820F44077A9481830006840F480302C
:104CD000A649183108600846006820F48030086052
:104CE00008460760D4F8B400B0F5807F15D1FEF710
:104CF000FBF8064609E0FEF7F7F8801B41F2883121
:104D0000884202D9032507E038E098481830006847
:104D1000C0F340000028EED000BF55BB00BFB4F880
:104D2000B40000F44070B0F5407F0ED18F48483891
:104D3000006820F47C518F4AD4F8B400104041EA56
:104D400010108A494839086007E0884848380068E8
:104D500020F47C5085494839086084481830006840
:104D6000B4F8B410C1F30B0108438049183101E0D5
:104D700005E001E0086002E0A84600E0A846012244
:104D8000D4E900011040002113465840494008432F
:104D900030D1E06F18281AD005DC48B1082808D0B7
:104DA000102817D10CE0202812D0282812D110E0AA
:104DB00012E0012104F1080003F09CFE05460BE01F
:104DC000012104F1280003F047FF054604E003E059
:104DD00002E001E0012500BF00BF55B96348001F94
:104DE000006820F03800E16F08436049091F08603F
:104DF00000E0A8460222D4E9000110400021134639
:104E000058404940084329D1A06F062816D2DFE850
:104E100000F003040B12131412E0012104F1080046
:104E200003F068FE05460BE0012104F1280003F0C1
:104E300013FF054604E003E002E001E0012500BFA6
:104E400000BF55B94948001F006820F00700A16F56
:104E500008434649091F086000E0A8460423D4E936
:104E600000101940002059404040014329D1D4F896
:104E70009400062816D2DFE800F003040B12131486
:104E800012E0012104F1080003F034FE05460BE0B6
:104E9000012104F1280003F0DFFE054604E003E0F1
:104EA00002E001E0012500BF00BF4DB92F480068B6
:104EB00020F00700D4F8941008432C49086000E063
:104EC000A8462023D4E90001184000215840494059
:104ED000084337D1D4F89000B0F1405F1ED007DC12
:104EE00068B1B0F1805F0BD0B0F1005F19D10EE076
:104EF000B0F1804F13D0B0F1A04F12D110E012E00A
:104F0000002104F1080003F0F5FD05460BE0022145
:104F100004F1280003F0A0FE054604E003E002E0EF
:104F200001E0012500BF00BF5DB91048001F006807
:104F300020F0E040D4F8901008430C49091F0860A5
:104F400000E0A8464023D4E9001019400020594051
:104F5000404001433CD1D4F89C00B0F5406F25D0CF
:104F60000EDCA0B1B0F5806F12D005E058440258B5
:104F700000480258FFFCFF0FB0F5006F19D10EE09A
:104F8000B0F5805F13D0B0F5A05F12D110E012E051
:104F9000002104F1080003F0ADFD05460BE00221FD
:104FA00004F1280003F058FE054604E003E002E0A7
:104FB00001E0012500BF00BF4DB9FE48006820F4A4
:104FC000E050D4F89C100843FA49086000E0A84675
:104FD0008023D4E90010194000205940404001438B
:104FE00035D1D4F8A000B0F5C04F1ED007DC68B1B1
:104FF000B0F5005F0BD0B0F5804F19D10EE0B0F5E1
:10500000004F13D0B0F5204F12D110E012E0002174
:1050100004F1080003F06EFD05460BE0022104F1E7
:10502000280003F019FE054604E003E002E001E079
:10503000012500BF00BF4DB9DE48006820F4604084
:10504000D4F8A0100843DB49086000E0A846082314
:10505000D4E900101940002059404040014317D1C5
:10506000D4F88400B0F5805F07D1022104F1280054
:1050700003F0F2FD08B14FF00108CE48001F0068B0
:1050800020F44050D4F884100843CA49091F08602E
:105090001023D4E90010194000205940404001433A
:1050A00015D1D4F89800B0F5807F07D1022104F122
:1050B000280003F0D1FD08B14FF00108BD48006899
:1050C00020F44070D4F898100843BA4908604FF4AF
:1050D0000022D4E900011040002113465840494005
:1050E000084327D1D4F8A40030B1B0F5803F0AD0EE
:1050F000B0F5003F0FD10DE0002104F1080003F0EE
:10510000F9FC054609E0022104F1280003F0A4FDA2
:10511000054602E001E0012500BF00BF4DB9A548EA
:10512000006820F44030D4F8A4100843A149086076
:1051300000E0A8464FF48023D4E900011840002184
:105140005840494008432DD1D4F88800B0F5801F5D
:1051500006D0B0F5001F0CD0B0F5401F11D10FE004
:1051600094482C38006840F4003092492C3908608B
:1051700009E0012104F1280003F06EFD054602E07C
:1051800001E0012500BF00BF5DB98A48001F00682B
:1051900020F44010D4F8881008438649091F08609D
:1051A00000E0A8464FF48032D4E90001104000210D
:1051B000134658404940084325D1206D18B1B0F539
:1051C000803F10D108E07B482C38006840F4003064
:1051D00078492C39086008E0022104F1080003F046
:1051E00089FC054601E0012500BF00BF55B97148A3
:1051F0000C38006820F48030216D08436D490C396B
:10520000086000E0A8464FF00052D4E900101140B9
:105210000020134659404040014307D1022104F1C8
:10522000280003F019FD08B14FF001084FF40033D6
:10523000D4E900011840002158404940084329D1D1
:10524000D4F88000A0B1B0F5807F06D0B0F5007F23
:105250000CD0B0F5407F0CD109E056482C380068DE
:1052600040F4003053492C39086004E003E002E0C8
:1052700001E0012500BF00BF5DB94E48001F006876
:1052800020F44070D4F8801008434A49091F086090
:1052900000E0A8464FF48012D4E90010114000202D
:1052A000134659404040014309D14248083800683C
:1052B00020F00040616F08433E49083908604FF014
:1052C0008052D4E90010114000201346594040405C
:1052D00001430AD137484838006820F48040D4F8A8
:1052E000B81008433349483908604FF40012D4E934
:1052F000001011400020134659404040014309D19D
:105300002C480838006820F08070E16E0843294975
:10531000083908604FF08042D4E9001011400020A5
:10532000134659404040014311D100BF214848383D
:10533000006820F400401F494839086008460068AA
:10534000D4F8BC1008431B494839086000BF4FF02F
:105350000042D4E90010114000201346594040405B
:10536000014309D113480C38006820F04050616DAA
:10537000084310490C3908604FF40002D4E90010CA
:105380001140002013465940404001430AD10948CA
:10539000001F006820F44000D4F88C100843054931
:1053A000091F08600123002160681840012249405C
:1053B000504001E058440258014306D104F108006E
:1053C00003F098FB054605B1A8460222002160685B
:1053D000104049405040014307D1012104F1080029
:1053E00003F088FB054605B1A84604230020616848
:1053F0001940042240405140084307D1022104F1E2
:10540000080003F077FB054605B1A84608230021F4
:1054100060681840082249405040014306D104F119
:10542000280003F019FC054605B1A846102200210A
:105430006068104049405040014307D1012104F108
:10544000280003F009FC054605B1A84620220020EB
:105450006168114040405140084307D1022104F1E6
:10546000280003F0F9FB054605B1A846B8F1000F86
:1054700002D10020BDE8F0810120FBE72DE9F041D9
:1054800004460D4614B90120BDE8F081BD4800680E
:1054900000F00F00A8420ED2BA48006820F00F00BA
:1054A0002843B84908600846006800F00F00A84289
:1054B00001D00120E8E7207800F0040004280ED194
:1054C000B1492069096801F07001884207D9AE48E6
:1054D000006820F0700021690843AB49086020781B
:1054E00000F00800082811D1A749091D6069096862
:1054F00001F07001884209D9A348001D006820F01E
:10550000700061690843A049091D0860207800F017
:105510001000102811D19C49091DA069096801F4E7
:10552000E061884209D99848001D006820F4E060D5
:10553000A16908439449091D0860207800F0200003
:10554000202811D190490831E069096801F0700103
:10555000884209D98C480830006820F07000E16961
:105560000843894908310860207800F002000228C9
:105570000ED18549E068096801F00F01884207D91A
:105580008148006820F00F00E16808437E49086008
:10559000207800F00100002850D07B48006820F4FB
:1055A0007060A1680843784908606068022807D1E4
:1055B000754818380068C0F34040F8B9012063E727
:1055C0006068032807D1704818380068C0F340604D
:1055D000A0B9012058E76068012807D16A48183847
:1055E0000068C0F3002048B901204DE7664818382C
:1055F0000068C0F3800008B9012045E76248083818
:10560000006820F00700616808435F4908390860B6
:10561000FDF76AFC064608E0FDF766FC801B41F2D8
:105620008831884201D903202EE75748083800689E
:1056300000F038006168B0EBC10FEDD1207800F0C8
:10564000020002280ED15049E068096801F00F01FC
:10565000884207D24C48006820F00F00E1680843F8
:10566000494908604748006800F00F00A8420ED979
:105670004448006820F00F0028434249086008466B
:10568000006800F00F00A84201D00120FCE620785D
:1056900000F0040004280ED13B492069096801F09C
:1056A0007001884207D23848006820F070002169F4
:1056B000084335490860207800F00800082811D117
:1056C0003149091D6069096801F07001884209D2F9
:1056D0002D48001D006820F07000616908432A49C8
:1056E000091D0860207800F01000102811D126490B
:1056F000091DA069096801F4E061884209D22248C5
:10570000001D006820F4E060A16908431E49091DDE
:105710000860207800F02000202811D11A490831B3
:10572000E069096801F07001884209D21648083022
:10573000006820F07000E1690843134908310860EF
:1057400000F0ACF810490968C1F303210F4A515C1D
:1057500001F01F0120FA01F70B48006800F00F006C
:105760001146085C00F01F0027FA00F008490860A5
:105770000848076008480068FDF7B8FE80464046C4
:1057800082E600000020005218440258F833010855
:105790002400002420000024180000243F2202607E
:1057A000174A126802F007024260154A083212686E
:1057B00002F470628260124A0832126802F00F022C
:1057C000C2600F4A0832126802F0700202610C4A8D
:1057D0000C32126802F070024261094A0C321268FF
:1057E00002F4E0628261064A1032126802F070022E
:1057F000C261044A126802F00F020A60704700009A
:10580000104402580020005210B500F047F80D492E
:105810000968C1F303210C4A515C01F01F0120FA11
:1058200001F40848006800F00F001146085C00F021
:105830001F0024FA00F00549086005480460084686
:10584000006810BD18440258F833010824000024F1
:105850002000002400B5FFF7D7FF05490968C1F310
:105860000211044A515C01F01F01C84000BD000054
:105870001C440258F833010800B5FFF7C5FF05497D
:105880000968C1F30221044A515C01F01F01C840BC
:1058900000BD00001C440258F8330108F0B5824EE8
:1058A000366806F0380636B1082E15D0102E15D001
:1058B000182E7DD114E07C4E103E3668C6F340169B
:1058C00046B1794E103E3668C6F3C107774E26FAC8
:1058D00007F000E07548E5E07548E3E07548E1E071
:1058E000714E1836366806F003046F4E1836366867
:1058F000C6F305116C4E1C36366806F001056A4E7B
:1059000024363668C6F3CC0616FB05F601EE106A9F
:10591000B8EE410A002971D024B1012C50D0022CDC
:105920006DD16DE0604E103E3668C6F340163EB352
:105930005D4E103E3668C6F3C1075C4E26FA07F38B
:1059400001EE103AF8EE411A01EE101AB8EE411AC3
:1059500081EE812A9FED581AC0EE011A524E203670
:105960003668C6F3080601EE106AB8EE411A31EE49
:10597000811AF7EE001A31EE211A62EE010A1EE0DA
:1059800001EE101AB8EE411ADFED4C1A81EE812AB1
:105990009FED491AC0EE011A434E20363668C6F311
:1059A000080601EE106AB8EE411A31EE811A00E0E5
:1059B00076E0F7EE001A31EE211A62EE010A5BE0A2
:1059C00001EE101AB8EE411A9FED3D2AC2EE011AFF
:1059D0009FED391A80EE012A334E20363668C6F321
:1059E000080601EE106AB8EE411A32EE011AB7EE5F
:1059F000002A31EE021A61EE810A3DE04EE01DE020
:105A000001EE101AB8EE411ADFED2E1A81EE812A4E
:105A10009FED291AC0EE011A234E20363668C6F3D0
:105A2000080601EE106AB8EE411A31EE811AF7EE5F
:105A3000001A31EE211A62EE010A1DE001EE101A81
:105A4000B8EE411A9FED1E2AC2EE011A9FED1A1AF6
:105A500080EE012A144E20363668C6F3080601EEA1
:105A6000106AB8EE411A32EE011AB7EE002A31EE92
:105A7000021A61EE810A00BF00BF0B4E2036366865
:105A8000C6F34626721C01EE102AB8EE411AC0EE8B
:105A9000811ABCEEE11A11EE100A00E0002001E0CC
:105AA000034800BF00BFF0BD104402580090D0036F
:105AB00000093D0040787D01000000460024744C40
:105AC0000024744A20BCBE4B2DE9F047044614B9AB
:105AD0000120BDE8F087207800F00100002870D098
:105AE000FA48006800F03808F8481830D0F80090FC
:105AF000B8F1100F06D0B8F1180F0FD109F003005C
:105B000002280BD1F14810380068C0F3404000284B
:105B10006AD06068002867D10120DAE700BF6068BA
:105B2000B0F5803F08D1E9481038006840F4803073
:105B3000E649103908602EE0606868B9E34810381B
:105B4000006820F48030E149103908600846006898
:105B500020F4802008601EE06068B0F5A02F0DD111
:105B6000DA481038006840F48020D84910390860BD
:105B70000846006840F4803008600CE0D3481038D4
:105B8000006820F48030D149103908600846006868
:105B900020F48020086000BF606898B1FDF7A4F988
:105BA000054606E0FDF7A0F9401B642801D9032053
:105BB0008FE7C64810380068C0F340400028F1D095
:105BC00012E012E0FDF790F9054606E0FDF78CF9CA
:105BD000401B642801D903207BE7BC4810380068CB
:105BE000C0F340400028F1D100BF207800F002004F
:105BF000022874D1B548006800F03808B34818305E
:105C0000D0F80090B8F1000F05D0B8F1180F56D1B8
:105C100009F00300D0BBAD4810380068C0F3800025
:105C200018B1E06808B9012053E7A84810380068A7
:105C300020F01900E1680843A44910390860FDF715
:105C400053F9054606E0FDF74FF9401B022801D93C
:105C500003203EE79D4810380068C0F3800000280C
:105C6000F1D000BFFDF73AF941F2030188421AD89A
:105C7000206940280BD195480C38006820F47C300E
:105C800040F4003091490C39086017E017E08F4864
:105C90000C38006820F47C30216940EA01308B49DF
:105CA0000C3908600AE089480C38006820F0FE4092
:105CB000217C40EA016085490C39086066E0E068B3
:105CC00088B382481038006820F01900E168084362
:105CD0007E4910390860FDF707F9054607E056E0F0
:105CE000FDF702F9401B022801D90320F1E67748AD
:105CF00010380068C0F380000028F1D000BFFDF725
:105D0000EDF841F2030188421AD8206940280BD1EE
:105D10006E480C38006820F47C3040F400306B4949
:105D20000C39086017E017E068480C38006820F468
:105D30007C30216940EA013064490C3908600AE08E
:105D400062480C38006820F0FE40217C40EA016087
:105D50005E490C39086019E05C481038006820F092
:105D600001005A4910390860FDF7BEF8054606E003
:105D7000FDF7BAF8401B022801D90320A9E65348D1
:105D800010380068C0F380000028F1D100BF2078EF
:105D900000F0100010287CD14C48006800F0380852
:105DA0004A481830D0F80090B8F1080F06D0B8F182
:105DB000180F3DD109F00300012839D143481038AC
:105DC0000068C0F3002020B1E069802801D00120E4
:105DD0007FE600BFFDF782F841F2030188421AD83E
:105DE000206A20280AD139480C38006820F0F84091
:105DF00040F0804035490C39086018E033480C38D1
:105E0000006820F0F84094F8201040EA81602F49A3
:105E10000C3908600BE02D48001F006820F07C5012
:105E200094F8201040EA01602849091F086066E0E4
:105E3000E06978B325481038006840F080002349B5
:105E400010390860FDF750F8054606E0FDF74CF8FC
:105E5000401B022801D903203BE61C48103800688B
:105E6000C0F300200028F1D000BFFDF737F841F261
:105E7000030188421CD8206A20280CD113480C3812
:105E8000006820F0F84040F0804010490C3908606C
:105E90001AE035E01CE00D480C38006820F0F840AE
:105EA00094F8201040EA816008490C3908600BE042
:105EB0000648001F006820F07C5094F8201040EA4B
:105EC00001600249091F086019E0000010440258EF
:105ED000FA48006820F08000F8490860FDF704F8EF
:105EE000054606E0FDF700F8401B022801D9032013
:105EF000EFE5F2480068C0F300200028F2D100BFAF
:105F0000207800F00800082836D16069D0B1EB484D
:105F10007430006840F00100E84974310860FCF713
:105F2000E3FF054606E0FCF7DFFF401B022801D92E
:105F30000320CEE5E14874300068C0F3400000283B
:105F4000F1D019E0DD487430006820F00100DB4931
:105F500074310860FCF7C8FF054606E0FCF7C4FF93
:105F6000401B022801D90320B3E5D44874300068EF
:105F7000C0F340000028F1D1207800F02000202854
:105F800030D1A069B8B1CD48006840F48050CB4909
:105F90000860FCF7A9FF054606E0FCF7A5FF401BDB
:105FA000022801D9032094E5C4480068C0F34030BA
:105FB0000028F2D016E0C148006820F48050BF49A4
:105FC0000860FCF791FF054606E0FCF78DFF401BDB
:105FD000022801D903207CE5B8480068C0F34030AE
:105FE0000028F2D1207800F0040004287DD1B448C4
:105FF000006840F48070B2490860FCF775FF054600
:1060000006E0FCF771FF401B642801D9032060E51E
:10601000AB48006800F480700028F2D000BFA06890
:10602000012808D1A5487030006840F00100A3495C
:10603000703108602DE0A06868B9A0487030006831
:1060400020F001009D49703108600846006820F08A
:10605000040008601DE0A06805280DD19748703045
:10606000006840F0040095497031086008460068F7
:1060700040F0010008600CE090487030006820F0AB
:1060800001008E49703108600846006820F0040065
:10609000086000BFA068A0B1FCF726FF054608E035
:1060A000FCF722FF401B41F28831884201D90320CE
:1060B0000FE5824870300068C0F340000028EFD040
:1060C00013E0FCF711FF054608E0FCF70DFF401B4D
:1060D00041F28831884201D90320FAE477487030D0
:1060E0000068C0F340000028EFD1606A00287DD02E
:1060F00072481030006800F03800182877D0606AC5
:10610000022875D16D48006820F080706B490860E6
:10611000FCF7EAFE054606E0FCF7E6FE401B022817
:1061200001D90320D5E465480068C0F34060002829
:10613000F2D100BFD4E90A1041EA00105F492831CA
:10614000096840F2F332914308435C492831086002
:10615000208E401EC0F30800616B491E4FF47E4242
:1061600002EA41210843218F491ED20102EA01417E
:1061700008433C21095D491E120202EA01610843FD
:106180004E493031086000BF081F006820F0010050
:10619000091F08604948343000684FF6F871884399
:1061A000A16C40EAC10045493431086043482C30B5
:1061B000006820F00C00216C084340492C31086035
:1061C0000846006820F00200616C08433B492C310E
:1061D00008600846006840F480300860084600689F
:1061E00040F4003008600846006802E093E038E0C0
:1061F0001FE040F4802008600846006840F001007D
:1062000008602E48006840F080702C490860FCF758
:106210006BFE054606E0FCF767FE401B022801D92D
:10622000032056E425480068C0F340600028F2D0FF
:1062300071E02248006820F0807020490860FCF777
:1062400053FE054606E0FCF74FFE401B022801D92D
:1062500003203EE419480068C0F340600028F2D1F2
:1062600059E0164828300768144830300668606ADC
:10627000012821D007F00301A06A81421CD1C7F395
:106280000511E06A884217D1C6F30801206B401E51
:10629000814211D1606B401EC6F3462188420BD16A
:1062A000A06B401EC6F30641884205D1E06B401E3C
:1062B000C6F30661884205D001200AE40044025872
:1062C0000048025815480068C0F3CC07A06CB842DB
:1062D00021D012480838006820F001000F49083921
:1062E0000860FCF701FE054600BFFCF7FDFD401B02
:1062F000FBD00A4800684FF6F8718843A16C40EA69
:10630000C1000649086005480838006840F00100EF
:1063100002490839086000204AE400003444025869
:1063200070B504460CB9012070BD606A00B900BFA9
:106330000021A1626349206888420CD0624920682C
:10634000884208D061492068884204D0E0680F285C
:1063500001D90120E8E7204602F030FD0546594901
:106360002068884209D058492068884205D057499A
:106370002068884201D0082D0DD8524920688842F3
:1063800007D051492068884203D05049206888428C
:1063900003D1102D01D90120C6E794F8810028B956
:1063A000002084F88000204600F092F8022084F853
:1063B00081002068006820F00100216808602068E2
:1063C000806800F4F816A069B0F1806F11D16068A0
:1063D000B0F5800F01D1A06B28B1606848B9A06BFF
:1063E000B0F1805F05D12068006840F480502168DA
:1063F0000860606800F48000B0F5800F0BD1E068A1
:10640000072808D32068006820F48070216D0843B5
:106410002168086005E02068006820F48070216829
:106420000860A16AE06908433043E16B0843E16812
:10643000084321688860616A606B0843A16B084368
:10644000A16908432169084361690843216A084337
:1064500061680843E16C0843A1680843A16C0843E4
:10646000A16D08432168C860606878B920688068B9
:1064700020F4C05040F40060216888602068806883
:1064800020F4C06040F48060216888602068006D5E
:1064900020F0010021680865606800F48000B0F514
:1064A000800F07D12068C06820F00040616D08436C
:1064B0002168C8600020C4F88400012084F88100AD
:1064C000002031E70030014000380040003C00402F
:1064D00010B5B8B00446142132A8F9F7D8FFC0218E
:1064E00002A8F9F7D4FF25492068884244D18114D5
:1064F0000020CDE9021005200C9030210D910221E1
:106500000E910F9110918902119100211291139116
:106510004FF400501A9002A8FEF7FCF808B1FBF700
:1065200050FA00BF1648006840F4805014490860D3
:106530000846006800F48050019000BF00BF00BF13
:106540000F481038006840F001000D49103908600C
:106550000846006800F00100019000BF00BFE02085
:1065600032900220339000203490359005203690F0
:1065700032A90448FCF7A6FB38B010BD003001403A
:10658000F0440258000002587047704770470000FE
:1065900010B50346002200BF93F83C00012801D14A
:1065A000022010BD012083F83C0000BF22F0FF0054
:1065B000CC6840EA040222F440708C6840EA04028D
:1065C00022F480604C6840EA040222F400600C6807
:1065D00040EA040222F480500C6940EA040222F4EA
:1065E00000504C6940EA040222F480408C6A40EA80
:1065F000040222F470200C8B40EA04420F4C18680D
:10660000A04203D00E4C1868A0420ED122F47000B4
:106610008C8C40EA045222F08070CC6940EA04027B
:1066200022F000700C6A40EA04021868426400BF5D
:10663000002083F83C0000BF00BFB2E7000001402B
:106640000004014030B502460B4600BF92F83C0002
:10665000012801D1022030BD012082F83C0000BF9A
:10666000022082F83D001068416810688468214D5E
:106670001068A84203D0204D1068A84203D121F42D
:1066800070015868014321F07001186801431068D7
:106690004160184D1068A8421BD01068B0F1804FBF
:1066A00017D0164D1068A84213D0154D1068A84297
:1066B0000FD0144D1068A8420BD00F4D1068A8429F
:1066C00007D0114D1068A84203D0104D1068A842A1
:1066D00005D124F080049868044310688460012088
:1066E00082F83D0000BF002082F83C0000BF00BFE0
:1066F000B1E7000000000140000401400004004038
:1067000000080040000C004000180040004001401C
:1067100010B504460CB9012010BD94F83D0028B90D
:10672000002084F83C00204600F029F8022084F87C
:106730003D00211D206802F087FE012084F84800FA
:1067400000BF84F83E0001213F2001554020015543
:1067500041200155422001554320015500BF00BF93
:10676000012084F84400452001554620015547206A
:10677000015500BF012084F83D000020CCE77047A0
:10678000014691F83D00012801D001207047022008
:1067900081F83D000868C06840F001000B68D860CF
:1067A0001C4B086898421BD00868B0F1804F17D086
:1067B000194B0868984213D0184B086898420FD0BC
:1067C000174B086898420BD0164B0868984207D0C0
:1067D000154B0868984203D0144B0868984210D1B2
:1067E00008688068124B00EA0302062A0FD0B2F54F
:1067F000803F0CD00868006840F001000B6818600A
:1068000005E00868006840F001000B68186000208F
:10681000BCE7000000000140000400400008004008
:10682000000C0040000401400018004000400140FE
:1068300007000100704770B504462068C6682068EC
:10684000056905F00200022819D106F002000228AD
:1068500015D1401F216808610120207720688069D8
:1068600000F0030018B12046FFF7E4FF05E02046E2
:1068700000F002F9204600F01DFA0020207705F014
:106880000400042819D106F00400042815D1C043DF
:1068900021680861022020772068806900F4407038
:1068A00018B12046FFF7C6FF05E0204600F0E4F8E7
:1068B000204600F0FFF90020207705F008000828A6
:1068C00019D106F00800082815D1C04321680861D5
:1068D000042020772068C06900F0030018B120462A
:1068E000FFF7A8FF05E0204600F0C6F8204600F0BC
:1068F000E1F90020207705F01000102819D106F0EA
:106900001000102815D1C0432168086108202077A5
:106910002068C06900F4407018B12046FFF78AFF74
:1069200005E0204600F0A8F8204600F0C3F900205A
:10693000207705F0010048B106F0010030B16FF09A
:10694000010021680861204600F068FA05F0800027
:10695000802804D005F40050B0F5005F0AD106F09D
:106960008000802806D16FF402502168086120461B
:10697000FFF70BFE05F48070B0F5807F0AD106F0BA
:106980008000802806D16FF480702168086120465D
:10699000FFF7FAFD05F04000402809D106F040005D
:1069A000402805D1C04321680861204600F042FA22
:1069B00005F02000202809D106F02000202805D16C
:1069C000C043216808612046FFF7E0FD70BD00006C
:1069D00010B586B00446142101A8F9F758FD2149E5
:1069E000206888421CD100BF1F48006840F010009A
:1069F0001D4908600846006800F01000009000BFC4
:106A000000BF4FF40070019002200290002003901C
:106A100004900120059001A91448FCF753F91FE0E8
:106A20001349206888421BD100BF0F48006840F01E
:106A300004000D4908600846006800F0040000905A
:106A400000BF00BF4FF4E0700190022002900020D0
:106A5000039004900220059001A90648FCF732F942
:106A600006B010BD00000140E0440258001002587A
:106A7000000400400008025870472DE9F041044628
:106A80000D461646002700BF94F83C00012802D1AD
:106A90000220BDE8F081012084F83C0000BF0C2EEC
:106AA00051D005DC4EB1042E1ED0082E7AD133E031
:106AB000102E60D0142EF9D175E02946206802F01E
:106AC0003FFD2068806940F00800216888612068E7
:106AD000806920F004002168886120688069296944
:106AE00008432168886178E02946206802F07EFD2D
:106AF0002068806940F400602168886120688069AE
:106B000020F480602168886120688069296940EAF2
:106B100001202168886160E02946206802F0C0FDFC
:106B20002068C06940F008002168C8612068C06919
:106B300020F004002168C8612068C0692969084301
:106B40002168C86149E02946206802F003FE2068F8
:106B5000C06940F400602168C8612068C06920F401
:106B600080602168C8612068C069296940EA012005
:106B70002168C86131E02946206802F025FE2068BE
:106B8000406D40F00800216848652068406D20F0A5
:106B90000400216848652068406D29690843216820
:106BA00048651AE017E02946206802F045FE206893
:106BB000406D40F40060216848652068406D20F415
:106BC0008060216848652068406D296940EA01209D
:106BD0002168486501E0012700BF00BF00BF002019
:106BE00084F83C0000BF384653E710B504460CB9A2
:106BF000012010BD94F83D0028B9002084F83C0025
:106C0000204600F029F8022084F83D00211D20686C
:106C100002F01AFC012084F8480000BF84F83E000E
:106C200001213F20015540200155412001554220BE
:106C300001554320015500BF00BF012084F84400E6
:106C400045200155462001554720015500BF012030
:106C500084F83D000020CCE708B5134A0168914252
:106C60000DD100BF1149096841F001010F4A1160BF
:106C70001146096801F00101009100BF13E00C4AC0
:106C8000016891420FD100BF08490839096841F0F5
:106C90000201064A083A11601146096801F0020132
:106CA000009100BF00BF08BD00000140F044025841
:106CB000000400407047000070B504460D4615B949
:106CC00094F83E0015E0042D02D13F20005D10E055
:106CD000082D02D14020005D0BE00C2D02D1412097
:106CE000005D06E0102D02D14220005D01E043204E
:106CF000005D012801D0012070BD1DB9022084F87B
:106D00003E001AE0042D03D102213F20015514E07A
:106D1000082D03D10221402001550EE00C2D03D196
:106D200002214120015508E0102D03D1022142200B
:106D3000015502E002214320015501222946206825
:106D400002F0ECFB2B49206888420FD02A492068CA
:106D500088420BD029492068884207D028492068FA
:106D6000884203D027492068884201D1012000E0F1
:106D7000002028B12068406C40F40040216848643D
:106D80001C49206888421BD02068B0F1804F17D082
:106D90001D492068884213D01C49206888420FD0C2
:106DA0001B49206888420BD013492068884207D0CD
:106DB00018492068884203D010492068884210D1C1
:106DC00020688068144900EA0106062E0FD0B6F547
:106DD000803F0CD02068006840F001002168086006
:106DE00005E02068006840F001002168086000208C
:106DF00082E7000000000140000401400040014023
:106E000000440140004801400004004000080040E8
:106E1000000C0040001800400700010010B50446B7
:106E200003492068884201D1FCF724FB10BD000013
:106E3000001400407047014600BF91F8840001280B
:106E400001D102207047012081F8840000BF242076
:106E5000C1F88800086802680868006820F001002E
:106E60000B68186022F00052002048660868026033
:106E70002020C1F8880000BF002081F8840000BFF6
:106E800000BFDFE77047704770B504460D4600BF8E
:106E900094F88400012801D1022070BD012084F8FB
:106EA000840000BF2420C4F8880020680668206899
:106EB000006820F00100216808602068806820F0E8
:106EC0006060284321688860204602F0EDFC20685D
:106ED00006602020C4F8880000BF002084F88400E9
:106EE00000BF00BFD9E770B504460D4600BF94F857
:106EF0008400012801D1022070BD012084F88400A3
:106F000000BF2420C4F88800206806682068006854
:106F100020F00100216808602068806820F060404F
:106F2000284321688860204602F0BEFC2068066085
:106F30002020C4F8880000BF002084F8840000BF2F
:106F400000BFD9E770477047704700002DE9F04750
:106F500004462068C569206806682068876840F68E
:106F60000F0005EA0009B9F1000F0FD105F020006C
:106F700060B106F0200010B907F0805030B1606FAA
:106F800010B12046616F8847BDE8F087B9F1000F66
:106F90007ED0F848384018B9F74830400028F7D07C
:106FA00005F0010058B106F4807040B1012021685D
:106FB0000862D4F8900040F00100C4F8900005F099
:106FC000020058B107F0010040B1022021680862B8
:106FD000D4F8900040F00400C4F8900005F00400DC
:106FE00058B107F0010040B1042021680862D4F8CC
:106FF000900040F00200C4F8900005F0080070B165
:1070000006F0200010B9DB48384040B10820216864
:107010000862D4F8900040F00800C4F8900005F42D
:10702000006060B106F0806048B14FF400602168F4
:107030000862D4F8900040F02000C4F89000D4F822
:107040009000002852D005F0200050B106F020003A
:1070500010B907F0805020B1606F10B12046616F09
:107060008847D4F890A02068806800F0400040284D
:1070700002D00AF0280070B3204602F03DFD2068DF
:10708000806800F04000402826D100BF00BF00E02B
:107090002DE02168083151E8001F21F040002168EF
:1070A000083141E80002002AF1D100BFD4F8800085
:1070B00068B1B248D4F880100865D4F88000FBF7B6
:1070C00021FC98B1D4F88000016D88470EE020467D
:1070D000FFF73AFF0AE003E02046FFF735FF05E03F
:1070E0002046FFF731FF0020C4F890004CE7E06E27
:1070F00001287DD105F01000002879D006F010009D
:107100000028FAD01020216808622068806800F00A
:10711000400040286DD1D4F880000068984988422A
:107120006BD0D4F88000006895491831884264D04B
:10713000D4F8800000689249303188425DD0D4F89C
:10714000800000688E494831884256D0D4F88000CB
:1071500000688B49603188424FD0D4F880000068C5
:1071600087497831884248D0D4F880000068844943
:107170009031884241D0D4F8800000688049A8311D
:1071800088423AD0D4F8800000687E49884234D0E2
:10719000D4F8800000687B49183188422DD0D4F89B
:1071A0008000006877493031884226D0D4F88000CA
:1071B00000687449483188421FD0D4F880000068C4
:1071C00070496031884218D0D4F8800000686D4959
:1071D0007831884211D0D4F8800000686949903134
:1071E00088420AD0D4F8800000686649A83102E0DD
:1071F000CAE07BE001E0884204D1D4F88000006856
:10720000406803E0D4F88000006840681FFA80F806
:10721000B8F1000F58D0B4F85C00404554DDA4F834
:107220005E80D4F88000C069B0F5807F40D000BF98
:1072300000BF216851E8001F21F48070226842E8F5
:1072400000010029F5D100BF00BF00BF216808314F
:1072500051E8001F21F001002168083141E80002D7
:10726000002AF3D100BF00BF00BF2168083151E8F8
:10727000001F21F040002168083141E80002002A87
:10728000F3D100BF2020C4F88C000020E06600BFCE
:1072900000BF216851E8001F21F01000226842E879
:1072A00000010029F5D100BFD4F88000FBF7BCF83D
:1072B00002202067B4F85C00B4F85E20801A81B226
:1072C0002046FFF7DFFD10E0B4F85C0040450CD12C
:1072D000D4F88000C069B0F5807F06D10220206715
:1072E000B4F85C102046FFF7CDFD4DE634F85C0F96
:1072F0006188401A1FFA80F860885C3CC8B3B8F116
:10730000000F36D000BF00BF216851E8001F21F4F4
:107310009070226842E800010029F5D100BF00BF4B
:1073200000BF2168083151E8001F124AD24301EA28
:1073300002002168083141E80002002AF1D100BFB3
:107340002020C4F88C000020E066606700BF00BF0A
:10735000216851E8001F21F01000226842E8000176
:107360000029F5D100BF0220206741462046FFF7E3
:1073700089FD09E60100001020010004E39A0008DD
:10738000100002401004024005F4801050B107F4D0
:10739000800038B14FF48010216808622046FFF762
:1073A000D2FDF1E505F0800058B106F0800010B97B
:1073B00007F4000028B1A06F10B12046A16F8847E4
:1073C000E2E505F0400030B106F0400018B120467B
:1073D00002F0C8FBD8E505F4000030B106F08040AB
:1073E00018B12046FFF7AEFDCEE505F0807030B154
:1073F00006F0004018B12046FFF745FDC4E500BF88
:10740000C2E510B504460CB9012010BDA06900B159
:1074100000E000BFD4F8880028B9002084F8840078
:10742000204600F02BF82420C4F88800206800686B
:1074300020F0010021680860A06A10B1204602F027
:107440005FFA204602F0A8FE012800D1DDE720689F
:10745000406820F49040216848602068806820F0EF
:107460002A00216888602068006840F001002168D7
:107470000860204602F0C0FAC7E7000010B5B8B0B7
:107480000446142132A8F9F702F8C02102A8F8F73F
:10749000FEFF64492068884237D101210020CDE9F0
:1074A0000210219002A8FDF735F908B1FAF789FA20
:1074B00000BF5D48006840F010005B490860084666
:1074C000006800F01000019000BF00BF00BF5648E8
:1074D0001038006840F00100534910390860084630
:1074E000006800F00100019000BF00BF4FF4C060D1
:1074F000329002203390002034903590072036904F
:1075000032A94A48FBF7DEFB89E0494920688842F6
:1075100040D102210020CDE90210209002A8FDF701
:10752000F9F808B1FAF74DFA00BF3F48083800688B
:1075300040F400303C49083908600846006800F40F
:107540000030019000BF00BF00BF3748103800680E
:1075500040F001003449103908600846006800F026
:107560000100019000BF00BF0C2032900220339038
:107570000020349035900720369032A92B48FBF735
:10758000A1FB002205212620FCF790F82620FCF71D
:1075900079F844E027492068884240D10221002040
:1075A000CDE90210209002A8FDF7B4F808B1FAF76F
:1075B00008FA00BF1C480838006840F480201A49C7
:1075C000083908600846006800F48020019000BF78
:1075D00000BF00BF14481038006840F00200124994
:1075E000103908600846006800F00200019000BFF2
:1075F00000BF4FF44060329002203390002034905E
:1076000035900720369032A90B48FBF75BFB002230
:1076100005212720FCF74AF82720FCF733F838B07B
:1076200010BD000000100140F04402580000025854
:1076300000440040004800400004025870B5044671
:107640000D461646D4F88C00202821D105B10EB97C
:10765000012070BD0020E0660E492068884211D0EC
:107660002068406800F4000060B100BF00BF2168DE
:1076700051E8001F41F08060226842E800010029C3
:10768000F5D100BF32462946204603F04BF8E0E72B
:107690000220DEE7000C005870B50546174928683F
:1076A000884229D1164804780A2C11D100201549A6
:1076B000154A127888541548006828B100231A46E4
:1076C000124800680BF004FA00200F4908700DE022
:1076D0000D2C0BD00C4800781F2807D20A480178DF
:1076E0000078401C084A107006484454012204499E
:1076F0000748FFF7A3FF00BF70BD00000044004033
:1077000043000024900900244200002404000024C7
:10771000E40300242DE9F84F04460E461746994627
:10772000D4F88800202854D106B117B90120BDE84B
:10773000F88F00205434E06321206063FBF7D4FB12
:10774000824627806780543CA068B0F5805F04D1F2
:10775000206910B90025B04602E035464FF0000818
:1077600020E05346002280212046CDF8009003F00F
:1077700087F820B12020C4F888000320D7E745B956
:10778000B8F80000C0F308002168886208F1020818
:1077900003E02878216888626D1CB4F85600401E0A
:1077A000A4F85600B4F856000028DAD15346002257
:1077B00040212046CDF8009003F062F820B120204F
:1077C000C4F888000320B2E72020C4F88800002015
:1077D000ADE70220ABE7704700BFFEE701688969AB
:1077E000C1F3400111B10021026891620168896909
:1077F00001F0010129B90168896941F001010268BC
:10780000916170472DE9F74F04460E460027206826
:10781000D0F818800025DDF8089008F01000102836
:1078200045D12168C86134E0701C90B3FBF75CFB64
:10783000A0EB0900B04200D85EBB2068406800F4AD
:10784000804A94F842B020688069C0F3C03070B1BB
:10785000BAF5804F0BD0BBF1200F08D020684068EC
:1078600040F4804021684860FBF73EFB814609E018
:10787000FBF73AFBA0EB0900192803D945F02005D6
:10788000012705E020688069C0F340100028EFD090
:1078900000BF20688069C0F3401008B9002FC3D032
:1078A00017B920202168C86145F004050127206828
:1078B000D0F8188008F48070B0F5807F06D145F0CC
:1078C00001054FF480702168C861012708F48060C9
:1078D000B0F5806F06D145F008054FF4806021684F
:1078E000C861012708F40070B0F5007F06D145F0AB
:1078F00002054FF400702168C8610127AFB120462E
:10790000FFF76CFF2068406809490840216848601B
:10791000606C28436064202084F84100002084F8D3
:10792000420000BF84F8400000BF3846BDE8FE8F2B
:1079300000E800FE2DE9F8430446894615461E4638
:10794000DDE908781948F2B2002349460090204644
:1079500000F06CF842463946204600F0F4F810B1C9
:107960000120BDE8F883012E03D1E8B221688862C6
:107970000EE0C5F30720216888624246394620465A
:1079800000F0E1F808B10120EBE7E8B22168886275
:107990003B46002240212046CDF8008000F062F8EE
:1079A00008B10120DDE70020DBE7000000200080B7
:1079B0002DE9F8430446894615461E46DDE9087858
:1079C0001948F2B2C30249460090204600F02EF852
:1079D00042463946204600F0B6F810B10120BDE815
:1079E000F883012E03D1E8B2216888620EE0C5F366
:1079F00007202168886242463946204600F0A3F8F5
:107A000008B10120EBE7E8B2216888623B4600221A
:107A100080212046CDF8008000F024F808B1012034
:107A2000DDE70020DBE7000000200080F0B5059CCA
:107A3000C1F309064FF47F0707EA02473E431E439E
:107A4000264326F00045066876684FF4806707EA0B
:107A5000545767F0FC2747F4C047BE432E430768DE
:107A60007E60F0BD2DE9F04104460D4617461E46E6
:107A7000DDF818802BE0424631462046FFF7C2FE73
:107A800010B10120BDE8F081701C00B3FBF72CFAA7
:107A9000A0EB0800B04200D8CEB920688069284029
:107AA000A84201D1012000E00020B8420FD1606C53
:107AB00040F020006064202084F84100002084F819
:107AC000420000BF84F8400000BF0120DAE72068D0
:107AD00080692840A84201D1012000E00020B8427E
:107AE000C9D00020CEE770B504460D46164622E008
:107AF000324629462046FFF785FE08B1012070BDB9
:107B0000FBF7F2F9801BA84200D8A5B9206880696C
:107B1000C0F3401078B9606C40F020006064202011
:107B200084F84100002084F8420000BF84F840003F
:107B300000BF0120E3E720688069C0F340100028FF
:107B4000D6D00020DBE770B504460D46164624E08B
:107B5000324629462046FFF755FE08B1012070BD88
:107B6000681CD0B1FBF7C0F9801BA84200D8A5B9AA
:107B700020688069C0F3400078B9606C40F0200054
:107B80006064202084F84100002084F8420000BF97
:107B900084F8400000BF0120E1E720688069C0F35D
:107BA00040000028D4D00020D9E7000010B5002202
:107BB00080210C48FBF78CF900F016F801224021D7
:107BC0000848FBF785F900F00FF80022402105482E
:107BD000FBF77EF900F008F8012280210148FBF74D
:107BE00077F910BD00040258002001E0411CC8B222
:107BF0006428FBDB7047000000B587B000BF0D486C
:107C0000006840F002000B4908600846006800F078
:107C10000200019000BF00BFC0200290022005902A
:107C20001120039002A90448FBF74CF800F09AF8E1
:107C300007B000BDE04402580004025810B501220C
:107C400080210A48FBF744F9FFF7CEFF01224021CB
:107C50000648FBF73DF9FFF7C7FF00224021034824
:107C6000FBF736F9FFF7C0FF10BD00000004025813
:107C700070B505460024002618E06006040E0122B7
:107C800040210F48FBF724F9FFF7AEFF80210C4895
:107C9000FBF716F908B1601CC4B200224021084865
:107CA000FBF716F9FFF7A0FF701CC6B2082EE4DB45
:107CB00015B9FFF7C3FF01E0FFF778FF204670BD5D
:107CC0000004025870B50446002528E004F0800046
:107CD00028B1012280211348FBF7FAF804E00022C2
:107CE00080211048FBF7F4F8FFF77EFF01224021C6
:107CF0000C48FBF7EDF8FFF777FF00224021094819
:107D0000FBF7E6F8072D04D1012280210548FBF797
:107D1000DFF86006040EFFF767FF681CC5B2082D88
:107D2000D4DB70BD0004025810B5012280210C483C
:107D3000FBF7CEF8012240210948FBF7C9F8FFF70D
:107D400053FF002280210648FBF7C2F8FFF74CFFE3
:107D5000002240210248FBF7BBF8FFF745FF10BDAA
:107D60000004025810B5002280210848FBF7B0F843
:107D7000012240210548FBF7ABF8FFF735FF012250
:107D800080210248FBF7A4F810BD0000000402584F
:107D900010B5012280210E48FBF79AF8FFF724FF67
:107DA000012240210A48FBF793F8FFF71DFF8021CD
:107DB0000748FBF785F808B1012400E00024002201
:107DC00040210348FBF784F8FFF70EFF204610BD63
:107DD0000004025870B505460E4685F898630120E8
:107DE00085F899034FF4C870A5F89A03284602F065
:107DF000C9FD04462CB1214614A005F0C5FC0020A5
:107E000070BD284603F0F3F804462CB1214616A0B5
:107E100005F0BAFC0020F3E70321284602F02CFF0E
:107E200004462CB1214617A005F0AEFC0020E7E780
:107E3000284603F08CF804462CB121461AA005F020
:107E4000A3FC0020DCE70120DAE700004461746154
:107E5000496E6974206661696C65642C2065727274
:107E60003D25640D0A000000537461746963496E16
:107E70006974206661696C65642C206572723D25A9
:107E8000640D0A0053657444697374616E63654DD3
:107E90006F6465206661696C65642C206572723D53
:107EA00025640D0A0000000053746172744D656111
:107EB000737572656D656E74206661696C65642C9E
:107EC000206572723D25640D0A0000000146886835
:107ED000C0F3C00070470146886800F00100704799
:107EE0000146886800F00100704701468868C0F3C9
:107EF0000070704701468868C0F3800070470146F3
:107F00008868C0F380007047826822F0E0720A43FC
:107F1000826070471FB5002000900190029003908E
:107F2000FBF762FB01208DF8000000208DF80100B6
:107F300001901F208DF8080087208DF8090000208F
:107F40008DF80A008DF80B0001208DF80C008DF8DB
:107F50000D0000208DF80E008DF80F006846FBF72D
:107F600015FB0420FBF756FB1FBD10B5FFF744FEC1
:107F700080216B2000F0D7F86420FAF78FFE0021F3
:107F80006B2000F0D0F8032000F08BF8002000F008
:107F900080F8322000F0AAF80021382000F0C3F861
:107FA00000216A2000F0BFF80021232000F0BBF878
:107FB0008021372000F0B7F8752000F013F8044650
:107FC000682C0BD101216B2000F0ADF800216C2052
:107FD00000F0A9F8322000F089F801E0012010BD7E
:107FE0000020FCE770B50446FFF79EFED020FFF7A7
:107FF00069FEFFF7CDFE2046FFF764FEFFF7C8FEDF
:10800000FFF792FED120FFF75DFEFFF7C1FE0020D3
:10801000FFF72EFE0546FFF7A5FE284670BD2DE9A9
:10802000F04106460F4614461D46FFF77DFE00212F
:1080300041EA4601C8B2FFF745FEFFF7A9FE20B1AD
:10804000FFF790FE0120BDE8F0813846FFF73AFEC9
:10805000FFF79EFEFFF768FE012101EB4601C8B263
:10806000FFF730FEFFF794FE0DE0012C04D1002055
:10807000FFF7FEFD287003E00120FFF7F9FD2870EF
:10808000601EC4B26D1C002CEFD1FFF76BFE002008
:10809000D9E710B50446E006010E1C2000F043F8B5
:1080A00010BD10B50446E006010E1B2000F03BF8A1
:1080B00010BD70B504460025BC2C01DB012510E085
:1080C000622C01DB02250CE02A2C01DB032508E0F1
:1080D000142C01DB042504E00A2C01DB052500E05B
:1080E000062529461A2000F01EF870BD70B504461A
:1080F000B4F57A7F01DD4FF47A74042C00DA04249D
:108100004FF47A7090FBF4F0401EC5B22946192056
:1081100000F009F80546264604EBD671C1F34F007E
:10812000FFF7C7FF70BD70B505460C46FFF7FCFDB5
:10813000D020FFF7C7FDFFF72BFE18B1FFF712FEA7
:10814000012070BD2846FFF7BDFDFFF721FE204648
:10815000FFF7B8FDFFF71CFE18B1FFF703FE012083
:10816000EFE7FFF7FFFD0020EBE72DE9F0410546C3
:108170000E4617469846FFF7D7FD002141EA450114
:10818000C8B2FFF79FFDFFF703FE20B1FFF7EAFD3E
:108190000120BDE8F0813046FFF794FDFFF7F8FDC0
:1081A00000240CE018F80400FFF78CFDFFF7F0FD49
:1081B00018B1FFF7D7FD0120EBE7601CC4B2BC4249
:1081C000F0DBFFF7CFFD0020E3E7000000B58BB048
:1081D0000020089009900A901C2101A8F8F757F98F
:1081E0001F48204908600020486000211D48816028
:1081F000C160042101610021017501214175816186
:108200000021017741628162C1620163416380F8AC
:1082100038100121C163F9F775FF08B1F9F7D1FBF7
:108220000020089008A90F48F9F7E0FB08B1F9F71A
:10823000C8FB0D48019006200290039040F2FF70A9
:10824000049004200590002006908DF81D0001A9DF
:108250000448F9F77DFC08B1F9F7B3FB0BB000BD9A
:108260000020024078010024000021431CB50022B8
:10827000012132200AF06EFA27490860084600689A
:1082800008B900BFFEE70022202114200AF062FA9C
:10829000224908600846006808B900BFFEE70022CE
:1082A00008210A200AF056FA1D49086008460068AD
:1082B00008B900BFFEE71B4A00211B4808F01CFF5D
:1082C0001A4908600020022103460A02CDE9001085
:1082D00017A11A480AF074FD0020012103464A0242
:1082E000CDE9001016A118480AF06AFD002002210D
:1082F00003460A02CDE9001014A116480AF060FDF9
:108300000020022103464A02CDE9001012A11548BF
:108310000AF056FD1CBD00000800002404000024E3
:108320000C000024AC33010819920008100000244E
:108330005541525450726F63000000001925010826
:108340004D50553630353000ED1F0108544F465220
:10835000656164007D22010842616C616E63654362
:1083600074726C003D1F010800B587B0142102A88B
:10837000F8F78DF800BF4748006840F00400454911
:1083800008600846006800F00400019000BF00BFCC
:1083900000BF0846006840F080000860084600689A
:1083A00000F08000019000BF00BF00BF08460068D9
:1083B00040F0010008600846006800F001000190EC
:1083C00000BF00BF00BF0846006840F01000086012
:1083D0000846006800F01000019000BF00BF00BF19
:1083E0000846006840F0020008600846006800F097
:1083F0000200019000BF00BF00224FF40051264848
:10840000FAF766FD012210212448FAF761FD0022E7
:10841000C0212348FAF75CFD002203212148FAF726
:1084200057FD4FF40050029001200390002004906B
:10843000059002A91848FAF745FC10200290012087
:10844000039000200490059002A91448FAF73AFC22
:108450004FF48050029000200390049002A90E482F
:10846000FAF730FCC0200290012003900020049015
:10847000059002A90A48FAF725FC03200290012082
:10848000039000200490059002A90648FAF71AFC10
:1084900007B000BDE044025800080258000002582E
:1084A000000402580010025810B512481249086022
:1084B000124848600021104881600121C1600021FC
:1084C000016141618161C1610162FAF77DFD08B11D
:1084D000F9F777FA00210848FAF70CFD08B1F9F727
:1084E00070FA00210448FAF73AFD08B1F9F769FA81
:1084F00010BD000000540040DC010024DB3FB00050
:1085000010B51648164908604FF4800048600021F5
:10851000134881600721C160002101614FF0807123
:108520004161890081614FF0C041C1610021016258
:1085300041628162C1624FF08041416300218163E9
:10854000C163016441648164C16401654165816501
:10855000FDF7E6FE08B1F9F734FA10BD003001402E
:108560003002002400B595B00020129013901490B2
:108570001C210BA8F7F78BFF2C216846F7F787FF24
:1085800029482A49086040F28F1048600021274896
:10859000816044F61F61C160002101614161816118
:1085A000FEF723FB08B1F9F70CFA002012901390A4
:1085B000149012A91D48FEF745F808B1F9F701FA21
:1085C00060200B9040F2DC500C9000200D900E903B
:1085D0000F901090119000220BA91448FEF74DFA4D
:1085E00008B1F9F7EEF90020009001900290039095
:1085F00004904FF4005005900020069007904FF033
:1086000000700890002009900A9069460748FDF71D
:10861000BFFF08B1F9F7D5F900F0DEFB0348FEF71C
:10862000D7F915B000BD000000000140B8020024D9
:1086300000B58BB00020089009900A901C2101A879
:10864000F7F725FF1F4820490860ED20486000210A
:108650001D4881606421C160002101618161FEF7D4
:10866000C4FA08B1F9F7ADF9002008900A9008A9FA
:108670001548FDF7E7FF08B1F9F7A3F9602001906D
:108680000020029003900590002201A90E48FEF7F9
:10869000F4F908B1F9F795F9042201A90A48FEF79F
:1086A000ECF908B1F9F78DF9082201A90648FEF79F
:1086B000E4F908B1F9F785F90348FEF789F90BB039
:1086C00000BD0000000400400403002410B5184859
:1086D000184908604FF4E130486000211548816076
:1086E000C16001610C21416100218161C1610162B0
:1086F000416200200F4988620846FEF782FE08B1F9
:10870000F9F75FF900210B48FEF7EDFB08B1F9F727
:1087100058F900210748FEF7B7FB08B1F9F751F9FE
:108720000448FEF788FB08B1F9F74BF910BD0000CB
:10873000001001405003002410B518481849086083
:108740004FF4E1304860002115488160C16001614B
:108750000C21416100218161C161016241620020FF
:108760000F4988620846FEF74CFE08B1F9F729F96F
:1087700000210B48FEF7B7FB08B1F9F722F90021F9
:108780000748FEF781FB08B1F9F71BF90448FEF72B
:1087900052FB08B1F9F715F910BD00000044004084
:1087A000E403002410B51848184908604FF4165027
:1087B0004860002115488160C16001610C21416160
:1087C00000218161C1610162416200200F4988621C
:1087D0000846FEF716FE08B1F9F7F3F800210B483A
:1087E000FEF781FB08B1F9F7ECF800210748FEF726
:1087F0004BFB08B1F9F7E5F80448FEF71CFB08B19C
:10880000F9F7DFF810BD00000048004078040024AC
:1088100000BFFEE710B535A004F0B6FF002201212D
:108820003848FAF755FB002202213648FAF750FB88
:10883000002001E000BF401C49F640418842F9D3C6
:1088400031A004F0A1FF012211462E48FAF740FBA7
:10885000002001E000BF401C30498842FAD330A01C
:1088600004F092FF3021292000F086FB18B936A0D1
:1088700004F08AFF03E030213BA004F085FF0122D1
:1088800002212048FAF724FB002001E000BF401C31
:1088900022498842FAD33DA004F076FF32212920F4
:1088A00000F06AFB18B943A004F06EFF03E0322128
:1088B00048A004F069FF002001E000BF401C4E49C1
:1088C0008842FAD330214D48FFF784FA10B94CA002
:1088D00004F05AFF32214F48FFF77CFA10B94EA03E
:1088E00004F052FF51A004F04FFF10BD4D756C74A1
:1088F00069544F465F496E69743A207374617274AB
:108900000D0A000000100258426F74682058534846
:108910005554206C6F770D0A00000000400D0300D5
:108920004C65667420585348555420686967682C14
:10893000206368616E67696E672061646472657345
:10894000732E2E2E0D0A00004C656674206164643F
:1089500072657373206368616E6765206661696C18
:1089600065640D0A000000004C6566742061646453
:1089700072657373206368616E67656420746F202D
:108980003078253032580D0A0000000052696768BF
:108990007420585348555420686967682C206368D0
:1089A000616E67696E6720616464726573732E2EF1
:1089B0002E0D0A00526967687420616464726573E1
:1089C00073206368616E6765206661696C65640D1C
:1089D0000A000000526967687420616464726573FC
:1089E00073206368616E67656420746F203078253A
:1089F0003032580D0A000000801A0600C009002419
:108A00004C65667420696E6974206661696C656482
:108A10000D0A0000640D0024526967687420696EB5
:108A20006974206661696C65640D0A004D756C742B
:108A300069544F465F496E69742066696E69736850
:108A400065640D0A0000000000B587B00F4802F011
:108A5000E5FA50B969460D4802F09DF8BDF91800D5
:108A60000B490860094801F073FF0A4802F0D6FA82
:108A700050B96946074802F08EF8BDF9180006495A
:108A80000860044801F064FF07B000BDC00900247D
:108A90007C000024640D00248000002400BFFEE759
:108AA00080ED000AC0ED010A80ED021ADFED062A12
:108AB000C0ED032ADFED042AC0ED042AC0ED051A3B
:108AC00080ED062A704700000000000000B5B1B03C
:108AD000C0216846F7F7DBFC4FF000410020CDE9EC
:108AE000001015906846FBF715FE08B1F8F769FF0E
:108AF00031B000BD2DE9F04104460E46002755482F
:108B0000006800F00300032802D10120BDE8F081D5
:108B100050482838006820F080604E4928390860A5
:108B2000FAF7E2F9054606E0FAF7DEF9401B0228FB
:108B300001D90320EAE7474828380068C0F3C0603D
:108B40000028F1D100BF4348006820F47C30216840
:108B500040EA01303F490860A088401EC0F3080089
:108B6000A168491E4FF47E4202EA41210843A189CF
:108B7000491ED20102EA01410843217C491E12022A
:108B800002EA0161084333491031086000BF3148EF
:108B9000001D006820F0C000616908432D49091DCF
:108BA00008600846006820F02000A16908432949B0
:108BB000091D08600846006820F01000086025487C
:108BC000143000684FF6F8718843E16940EAC1004B
:108BD0002049143108601F48001D006840F0100053
:108BE0001C49091D08602EB90846006840F40020A1
:108BF000086012E0012E08D11648001D006840F4FC
:108C000080101449091D086007E01248001D006823
:108C100040F400100F49091D08600E48283800680C
:108C200040F080600B4928390860FAF75DF9054685
:108C300006E0FAF759F9401B022801D9032065E73D
:108C4000044828380068C0F3C0600028F1D03846D6
:108C50005CE70000284402582DE9F04104460E4626
:108C600000275548006800F00300032802D10120C6
:108C7000BDE8F08150482838006820F080504E4907
:108C800028390860FAF730F9054606E0FAF72CF9BA
:108C9000401B022801D90320EAE74748283800682A
:108CA000C0F340700028F1D100BF4348006820F0B5
:108CB0007C70218840EA01503F490860A088401E2E
:108CC000C0F30800A168491E4FF47E4202EA412128
:108CD0000843A189491ED20102EA01410843217CCF
:108CE000491E120202EA0161084333491831086043
:108CF00000BF3148001D006820F4406061690843EE
:108D00002D49091D08600846006820F40070A1691B
:108D100008432949091D08600846006820F480704E
:108D2000086025481C3000684FF6F8718843E169F7
:108D300040EAC10020491C3108601F48001D00683E
:108D400040F480701C49091D08602EB9084600686F
:108D500040F48000086012E0012E08D11648001D82
:108D6000006840F400001449091D086007E012483B
:108D7000001D006840F080700F49091D08600E4812
:108D80002838006840F080500B4928390860FAF70D
:108D9000ABF8054606E0FAF7A7F8401B022801D910
:108DA000032065E7044828380068C0F340700028B5
:108DB000F1D038465CE700002844025810B501465F
:108DC0000124C86B04EB5013C868421CD01DC208B4
:108DD00002FB03F010BD000010B500210548FDF7AF
:108DE0006BFF5A2000F008F84FF47A70F9F756FF3D
:108DF00010BD0000B8020024B42800DDB42040F209
:108E00004C424243B423B2FBF3F202F5967291B2A4
:108E1000014A126851637047B802002470B50446D5
:108E20000D46B42C00DDB42415480078A04211DAB8
:108E30000BE013480078401C114908700846007880
:108E4000FFF7DAFF2846F9F729FF0D480078A0421E
:108E5000EFDB14E00A480078A04210DD0BE0084880
:108E60000078401E0649087008460078FFF7C4FFE6
:108E70002846F9F713FF02480078A042EFDC70BDE6
:108E8000410000242DE9F04107460E4614464FF0FC
:108E9000000816B1012E0ED106E0C4F38F35294625
:108EA000384604F059FA09E0C4F34F2529463846FC
:108EB00004F04AFA02E06FF0030800BF00BF40462A
:108EC000BDE8F08170B506460D463046F8F76DFDF9
:108ED0000446012D04D0022D06D0032D0CD107E04D
:108EE00007480068446308E005480068846304E0BC
:108EF00003480068C46300E000BF00BF70BD00000D
:108F0000040300242DE9F04389B006460C46904640
:108F100099460025032C01D0082C01D1402700E000
:108F2000202708AA41462046F8F790FC05465DB97F
:108F300004A805A906AB07AACDE900109DF82010EA
:108F4000304602F02AFD054665B9DDE904108DE8DA
:108F50000302BDF81C209DF820103046069B04F04B
:108F600003FA054605B9B7700DB986F87C43284663
:108F700009B0BDE8F083000033B585B004469DF824
:108F80001820214621A004F0FFFB6420012106AA3D
:108F9000CDE9002102906100022301222548FAF761
:108FA0004FF9054635B1294623A004F0EDFB00201A
:108FB00007B030BD28A004F0E7FB1420F9F76EFEDF
:108FC000002004906420012104AACDE90021029030
:108FD0009DF818004100022340F20F121548FAF7DD
:108FE0005FF8054655B99DF81000EA2806D19DF8AE
:108FF000101020A004F0C8FB0120D9E79DF8102034
:10900000294627A004F0C0FB0020D1E75365745324
:10901000656E736F72416464726573733A20307861
:1090200025303258202D3E203078253032580D0A18
:1090300000000000DC01002457726974652061643F
:109040006472657373206661696C65642C20726557
:10905000743D25640D0A00005772697465207375AC
:1090600063636573732C2077616974696E672E2E54
:109070002E0D0A0041646472657373206368616E2B
:10908000676564207375636365737366756C6C796B
:109090002C2049443D3078253032580D0A0000001C
:1090A000566572696679206661696C65642C207208
:1090B00065743D25642C2069643D30782530325834
:1090C0000D0A00002DE9F04F89B006468A46934606
:1090D0001D46129C002008906868206095F83E00AC
:1090E00000F01F072A4639465046F8F7E9FB607141
:1090F000A88D400202900298A060288E4002039042
:109100000398E060288A2082288F4FEA4028C4F81C
:109110001480A88F20830020A076BBF1030F10D00D
:1091200006DCBBF1010F0BD0BBF1020F0FD106E043
:10913000BBF10D0F08D0BBF1110F08D100BF00BF6C
:1091400000BF0520E07605E00D20E07602E000207B
:10915000E07600BF00BFE07E18B93846F8F700FCA3
:10916000E076288F4FEA4028C6F89083A88D4FEA12
:109170004028C6F8948301AA0021304601F058FC2B
:10918000062F01D1012000E00020079005AA002150
:10919000304601F03FFC9DF81400012803D10798E8
:1091A000012800D100E00020049040F286310498AC
:1091B000885501AA0121304601F03AFC042F01D163
:1091C000012000E00020069005AA0121304601F0B0
:1091D00021FC9DF81400012803D10698012800D134
:1091E00000E000200490049986F88713B4F91890E1
:1091F000E07E58B9B9F1000F08DA064840684845E2
:1092000002DD0E20E07601E000202083089809B0FE
:10921000BDE8F08F5001002400BF012007F016FFC9
:10922000FBE710B54FF0E020006909F059FE012876
:1092300001D009F075FA10BD00B59DB04C210AA807
:10924000F7F725F9202102A8F7F721F90220FAF70C
:109250007FFA00BF002001902B48006840F4404096
:10926000294908600846006800F4404001902748FA
:10927000006840F00100254908600846006800F0D9
:109280000100019000BF00BF00BF1F48006800F44C
:109290000050B0F5005FF8D103200A904FF4803001
:1092A0000B9001200D9040200E900220139002217F
:1092B000149105211591C021169102211791189141
:1092C000199108211A9100211B911C910AA8FCF701
:1092D000FBFB08B1F8F775FB3F20029003200390D9
:1092E000002004900820059040200690079000017F
:1092F000089040200990042102A8FCF7BFF808B1AB
:10930000F8F75FFB1DB000BD184802582C04005848
:109310003F48006840F470003D4908603D480068DF
:1093200000F00F00072806D23A48006820F00F002E
:10933000C01D384908603848006840F001003649CF
:109340000860002034491031086033480068334910
:109350000840314908602F48006800F00F000728D6
:1093600006D92C48006820F00F00C01D294908606C
:109370000020294918310860091D0860091D08608E
:1093800027482549283108602648091D08602648D5
:10939000091D08600020091D08602348091D086098
:1093A0000020091D08602048091D08600020091DD3
:1093B00008601948006820F48020174908600020E0
:1093C000154960310860194800686FF30F00B0F16B
:1093D000005F02D20120164908600F48D4300068AF
:1093E00000F4805098B90C48D430006840F48050A4
:1093F0000949D431086043F2D2000E49086006489A
:10940000D430006820F480500349D431086070479C
:1094100088ED00E000200052004402587FEDF6EA9B
:10942000000202020000FF01800201010010005C46
:10943000088100510040005210B50248FDF7FBF9C9
:1094400010BD00000C05002410B502682B4B98429B
:109450000ED0B0F1804F0BD0294B984208D0294B49
:10946000984205D0284B984202D0284B984203D10D
:1094700022F070024B681A43204B984217D0B0F18B
:10948000804F14D01E4B984211D01E4B98420ED0E4
:109490001D4B98420BD01D4B984208D01C4B984254
:1094A00005D01C4B984202D01B4B984203D122F4AA
:1094B0004072CB681A4322F080034C6943EA0402ED
:1094C0008B68C3620B6883620C4B98420BD00F4BC6
:1094D000984208D00E4B984205D00E4B984202D0CD
:1094E0000D4B984201D10B690363036843F00403F9
:1094F000036001234361026010BD000000000140D1
:109500000004004000080040000C0040000401403E
:1095100000400140004401400048014030B501F0E6
:109520001F05012404FA05F3046A9C430462046ADB
:1095300001F01F0502FA05F52C43046230BD00005E
:1095400030B5026A056A25F0010505624368846941
:10955000204D2C4024F003040D682C4322F002021D
:109560008D682A431C4DA84200D10FE01B4DA84234
:1095700000D10BE01A4DA84200D107E0194DA842D6
:1095800000D103E0184DA84206D100BF22F0080226
:10959000CD682A4322F004020F4DA8420BD00F4D94
:1095A000A84208D00E4DA84205D00E4DA84202D0C8
:1095B0000D4DA84207D123F4807323F400734D6945
:1095C0002B438D692B43436084614D684563026280
:1095D00030BD00008FFFFEFF00000140000401408D
:1095E00000400140004401400048014030B5026A9B
:1095F000056A25F01005056243688469224D2C40F8
:1096000024F440740D6844EA052422F020028D6899
:1096100042EA05121D4DA84200D10FE01C4DA842A0
:1096200000D10BE01B4DA84200D100BF1A4DA8424B
:1096300000D100BF194DA84207D106E022F08002F8
:10964000CD6842EA051222F04002104DA8420BD02C
:109650000F4DA84208D00F4DA84205D00E4DA8428C
:1096600002D00E4DA84209D123F4806323F4006395
:109670004D6943EA85038D6943EA8503436084614C
:109680004D688563026230BDFF8FFFFE0000014020
:1096900000040140004001400044014000480140F6
:1096A00030B5026A056A25F4807505624368C469AD
:1096B000224D2C4024F003040D682C4322F4007248
:1096C0008D6842EA05221E4DA84200D10FE01D4DD3
:1096D000A84200D10BE01C4DA84200D100BF1B4D99
:1096E000A84200D100BF1A4DA84207D106E022F4DB
:1096F0000062CD6842EA052222F48062104DA84241
:109700000BD0104DA84208D00F4DA84205D00F4DE8
:10971000A84202D00E4DA84209D123F4805323F46D
:1097200000534D6943EA05138D6943EA051343600D
:10973000C4614D68C563026230BD00008FFFFEFF4B
:10974000000001400004014000400140004401408D
:109750000048014030B5036A056A25F4805505626A
:109760004468C269124D2A4022F440720D6842EAF0
:10977000052223F400538D6843EA05330D4DA842BA
:109780000BD00D4DA84208D00C4DA84205D00C4D71
:10979000A84202D00B4DA84204D124F480444D6964
:1097A00044EA85144460C2614D680564036230BDBB
:1097B000FF8FFFFE00000140000401400040014017
:1097C000004401400048014030B5026A056A25F4B2
:1097D000803505624368446D114D2C400D682C4363
:1097E00022F400320D8942EA05420E4DA8420BD008
:1097F0000D4DA84208D00D4DA84205D00C4DA842F1
:1098000002D00C4DA84204D123F480334D6943EAC1
:109810000523436044654D688565026230BD0000E4
:109820008FFFFEFF000001400004014000400140A6
:10983000004401400048014030B5026A056A25F441
:10984000801505624368446D114D2C400D6844EA53
:10985000052422F400120D8942EA05520D4DA8425A
:109860000BD00D4DA84208D00C4DA84205D00C4D90
:10987000A84202D00B4DA84204D123F480234D69A5
:1098800043EA8523436044654D68C565026230BD87
:10989000FF8FFFFE00000140000401400040014036
:1098A000004401400048014070B5456E2DB90125C6
:1098B000A0F86A50A0F868501CE010231024056836
:1098C000AD68C5F342610568AD686A0F0A4DAD5CCD
:1098D00015FB04F5094EB65C95FBF6F5A0F86A5049
:1098E000054D6D5C15FB03F5044E765C95FBF6F5B6
:1098F000A0F8685070BD0000E8330108F03301089B
:1099000090F8281001F00801082907D1016849687A
:1099100021F40041826B11430268516090F82810D5
:1099200001F0010139B10168496821F40031C26ACE
:1099300011430268516090F8281001F002010229D9
:1099400007D10168496821F48031026B1143026834
:10995000516090F8281001F00401042907D1016832
:10996000496821F48021426B11430268516090F8EC
:10997000281001F01001102907D10168896821F42D
:109980008051C26B11430268916090F8281001F079
:109990002001202907D10168896821F40051026C57
:1099A00011430268916090F8281001F040014029AD
:1099B00013D10168496821F48011426C1143026897
:1099C0005160416CB1F5801F07D10168496821F4ED
:1099D000C001826C11430268516090F8281001F0B8
:1099E0008001802907D10168496821F40021C26CF7
:1099F000114302685160704738B504460020C4F82E
:109A00009000F9F771FA05462068006800F0080038
:109A1000082821D16FF07E402B4600224FF4001120
:109A20000090204600F02CFFB0B100BF00BF2168BD
:109A300051E8001F21F08000226842E8000100295F
:109A4000F5D100BF2020C4F8880000BF002084F8B2
:109A5000840000BF032038BD2068006800F00400C7
:109A6000042830D16FF07E402B4600224FF4800155
:109A70000090204600F004FF28B300BF00BF21681B
:109A800051E8001F21F49070226842E8000100298B
:109A9000F5D100BF00BF00BF2168083151E8001FA9
:109AA00021F001002168083141E80002002AF3D1C9
:109AB00000BF2020C4F88C0000BF002084F8840080
:109AC00000BF0320C7E72020C4F88800C4F88C003A
:109AD0000020E066206700BF84F8840000BF00BF5C
:109AE000B9E770B50446A56B0020A5F85E002846CE
:109AF000FDF72AFA70BD000000BF00BF026852E8FF
:109B0000002F22F49071036843E80012002AF5D177
:109B100000BF00BF00BF0268083252E8002F104BA0
:109B200002EA03010268083242E80013002BF2D176
:109B300000BFC16E01290CD100BF00BF026852E80E
:109B4000002F22F01001036843E80012002AF5D12B
:109B500000BF2021C0F88C100021C166416770470A
:109B6000FEFFFFEF10B5044600BF00BF216851E8BB
:109B7000001F21F04000226842E800010029F5D1D1
:109B800000BF2020C4F888000020A0672046FDF711
:109B900022FE10BD2DE9F0410446B4F86070D4F8FF
:109BA0008C0022286ED12068406A86B2A56D06EA34
:109BB00007002880A06D801CA065B4F85E00401EE0
:109BC000A4F85E00B4F85E00002861D100BF00BFB9
:109BD000216851E8001F21F49070226842E80001DA
:109BE0000029F5D100BF00BF00BF2168083151E84E
:109BF000001F21F001002168083141E80002002A1D
:109C0000F3D100BF2020C4F88C00002060672067DB
:109C100020492068884211D02068406800F4000084
:109C200060B100BF00BF216851E8001F21F08060D3
:109C3000226842E800010029F5D100BFE06E01284A
:109C40001CD10020E06600BF00BF216851E8001F62
:109C500021F01000226842E800010029F5D100BF80
:109C60002068C069C0F3001010B11020216808629C
:109C7000B4F85C102046FDF705F909E02046FDF731
:109C80000BFD05E02068806940F0080021688861CC
:109C9000BDE8F081000C00582DE9F84F0446B4F8F7
:109CA00060B02068C5692068006800902068D0F81E
:109CB00008A0D4F88C0022287ED1B4F86890AEE0D9
:109CC0002068406A1FFA80F8A76D08EA0B00388008
:109CD000A06D801CA065B4F85E00401EA4F85E0074
:109CE0002068C56905F00700B0B305F0010060B158
:109CF000009800F4807040B1012021680862D4F817
:109D0000900040F00100C4F8900005F0020058B146
:109D10000AF0010040B1022021680862D4F89000E6
:109D200040F00400C4F8900005F0040058B10AF0B7
:109D3000010040B1042021680862D4F8900040F08E
:109D40000200C4F89000D4F8900028B12046FDF736
:109D5000FBF80020C4F89000B4F85E0000285ED143
:109D600000BF00BF216851E8001F21F48070226805
:109D700042E800010029F5D100BF00BF00BF216803
:109D8000083151E8001F414A01EA02002168083108
:109D900041E80002002AF2D100BF2020C4F88C0064
:109DA0000020606720673A492068884213D0206805
:109DB000406800F4000000E05FE060B100BF00BF59
:109DC000216851E8001F21F08060226842E800010C
:109DD0000029F5D100BFE06E01281CD10020E0660B
:109DE00000BF00BF216851E8001F21F01000226869
:109DF00042E800010029F5D100BF2068C069C0F326
:109E0000001010B1102021680862B4F85C102046E0
:109E1000FDF738F802E02046FDF73EFC07E0B9F117
:109E2000000F04D005F0200000287FF449AF00BFE8
:109E3000B4F85E6006B3B4F86800B04223DD00BF3A
:109E400000BF2168083151E8001F21F080502168CF
:109E5000083141E80002002AF3D100BF0D486067D5
:109E600000BF00BF216851E8001F41F020002268B8
:109E700042E800010029F5D105E02068806940F042
:109E8000080021688861BDE8F88F0000FEFFFFEF41
:109E9000000C0058959B000870B50446B4F860604B
:109EA000D4F88C0022286FD12068406A85B2F0B2C5
:109EB0002840A16D0870A06D401CA065B4F85E003C
:109EC000401EA4F85E00B4F85E00002862D100BF16
:109ED00000BF216851E8001F21F49070226842E819
:109EE00000010029F5D100BF00BF00BF2168083183
:109EF00051E8001F21F001002168083141E800020B
:109F0000002AF3D100BF2020C4F88C000020606735
:109F1000206721492068884211D02068406800F4F9
:109F2000000060B100BF00BF216851E8001F21F0B0
:109F30008060226842E800010029F5D100BFE06E90
:109F400001281CD10020E06600BF00BF216851E855
:109F5000001F21F01000226842E800010029F5D11D
:109F600000BF2068C069C0F3001010B11020216844
:109F70000862B4F85C102046FCF784FF0AE0204633
:109F8000FDF78AFB06E0FFE72068806940F00800E3
:109F90002168886170BD0000000C00582DE9F05F59
:109FA0000446B4F860A02068C5692068D0F800B005
:109FB0002068D0F80890D4F88C0022287ED1B4F81C
:109FC0006880ADE02068406A87B20AF0FF00384040
:109FD000A16D0870A06D401CA065B4F85E00401E25
:109FE000A4F85E002068C56905F00700A8B305F075
:109FF000010058B10BF4807040B101202168086263
:10A00000D4F8900040F00100C4F8900005F0020080
:10A0100058B109F0010040B1022021680862D4F86B
:10A02000900040F00400C4F8900005F0040058B11E
:10A0300009F0010040B1042021680862D4F89000C2
:10A0400040F00200C4F89000D4F8900028B12046F7
:10A05000FCF77AFF0020C4F89000B4F85E000028F6
:10A060005ED100BF00BF216851E8001F21F480705D
:10A07000226842E800010029F5D100BF00BF00BFFF
:10A080002168083151E8001F404A01EA02002168B6
:10A09000083141E80002002AF2D100BF2020C4F8B4
:10A0A0008C0000206067206739492068884213D0FF
:10A0B0002068406800F4000070B100E05EE000BF7E
:10A0C00000BF216851E8001F21F08060226842E84B
:10A0D00000010029F5D100BFE06E01281CD100204D
:10A0E000E06600BF00BF216851E8001F21F01000AA
:10A0F000226842E800010029F5D100BF2068C0694C
:10A10000C0F3001010B1102021680862B4F85C1090
:10A110002046FCF7B7FE02E02046FDF7BDFA07E057
:10A12000B8F1000F04D005F0200000287FF44AAFFA
:10A1300000BFB4F85E6006B3B4F86800B04223DD37
:10A1400000BF00BF2168083151E8001F21F0805096
:10A150002168083141E80002002AF3D100BF0D4810
:10A16000606700BF00BF216851E8001F41F0200078
:10A17000226842E800010029F5D105E020688069E5
:10A1800040F0080021688861BDE8F09FFEFFFFEF06
:10A19000000C0058999E00082DE9F04F89B0054643
:10A1A00000200890F8492868884200D100E000BFEC
:10A1B0002969A868084369690843E96940EA010810
:10A1C00028680068F149084040EA080029680860EA
:10A1D0002868406820F44050E968084329684860CE
:10A1E000D5F81880E8492868884202D0286A40EAF1
:10A1F000080828688068E649084040EA080029689D
:10A2000088602868C06A20F00F00696A08432968DE
:10A21000C86200BFDF492868884220D1DE48006854
:10A2200000F03800182811D005DC48B1082809D002
:10A23000102811D108E020280AD028280CD109E0E4
:10A2400001240BE0042409E0082407E0102405E0C1
:10A25000202403E0402401E0802400BFF8E0CF493F
:10A260002868884219D1CC48006800F00700062809
:10A2700010D2DFE800F0030507090B0D00240BE006
:10A28000042409E0082407E0102405E0202403E06A
:10A29000402401E0802400BFDAE0C14928688842F8
:10A2A00019D1BD48006800F00700062810D2DFE889
:10A2B00000F0030507090B0D00240BE0042409E05E
:10A2C000082407E0102405E0202403E0402401E0F6
:10A2D000802400BFBCE0B3492868884219D1AE4849
:10A2E000006800F00700062810D2DFE800F0030540
:10A2F00007090B0D00240BE0042409E0082407E003
:10A30000102405E0202403E0402401E0802400BF65
:10A310009EE0A5492868884219D19F48006800F04E
:10A320000700062810D2DFE800F0030507090B0D2F
:10A3300000240BE0042409E0082407E0102405E0D1
:10A34000202403E0402401E0802400BF80E09749FE
:10A350002868884220D19048006800F0380018280A
:10A3600011D005DC48B1082809D0102811D108E027
:10A3700020280AD028280CD109E001240BE004246D
:10A3800009E0082407E0102405E0202403E040242D
:10A3900001E0802400BF5BE085492868884219D12C
:10A3A0007D48006800F00700062810D2DFE800F0C2
:10A3B000030507090B0D00240BE0042409E0082421
:10A3C00007E0102405E0202403E0402401E080247D
:10A3D00000BF3DE077492868884219D16E4800687F
:10A3E00000F00700062810D2DFE800F00305070997
:10A3F0000B0D00240BE0042409E0082407E01024DE
:10A4000005E0202403E0402401E0802400BF1FE099
:10A410005D49286888421AD15F48001D006800F035
:10A420000700062810D2DFE800F0030507090B0D2E
:10A4300002240BE0042409E0082407E0102405E0CE
:10A44000202403E0402401E0802400BF00E08024B9
:10A4500000BF4D49286888427DD1102C1AD006DCF7
:10A46000022C09D0042C0BD0082C29D10DE0202C73
:10A4700021D0402C24D120E0F9F79AF9064623E0B8
:10A4800005A8F9F7BFFA069E1EE002A8F9F7D2FB6D
:10A49000039E19E0404854380068C0F3401040B1B2
:10A4A0003D4854380068C0F3C101434820FA01F622
:10A4B00000E0414E08E0414E06E04FF4004603E064
:10A4C00000260120089000BF00BF002E10D03C499C
:10A4D000686A31F81000B6FBF0F9686800EB4000DC
:10A4E000484503D868680003484502D20120089017
:10A4F00003E13349686A31F810C0624600233046F0
:10A500001946F5F749FF4FF4807300228446ACFBEF
:10A51000030B01FB03B10CFB021C696849080346ED
:10A5200059184CEB0200CDE90010D5F804C0624682
:10A53000002308460199F5F72FFF0746B7F5407F3E
:10A5400006D3B7F5801F03D22868C760D5E002E0C4
:10A5500001200890D1E0E869B0F5004F7BD1082CCC
:10A5600039D005DC5CB1012C2CD0042C4CD12DE071
:10A57000102C35D0202C42D0402C45D141E0FBF7A7
:10A5800069F9064644E00000000C0058F369FFCF6B
:10A59000FFF4FF11001001405444025800440040F1
:10A5A00000480040004C00400050004000140140B2
:10A5B00000780040007C00400090D00300093D007E
:10A5C000D0330108FBF758F9064621E005A8F9F752
:10A5D00019FA069E1CE002A8F9F72CFB039E17E06F
:10A5E0004C480068C0F3401038B14A480068C0F3D6
:10A5F000C101494820FA01F600E0474E08E0474E05
:10A6000006E04FF4004603E000260120089000BF5A
:10A6100000BFFEB14249686A31F81000B6FBF0F0A5
:10A620004000696800EB5100B0FBF1F7102F0FD329
:10A63000B7F5803F0CD24FF6F07007EA000AC7F377
:10A6400042004AEA000A2868C0F80CA055E002E07F
:10A650000120089051E0082C1AD005DC5CB1012CD7
:10A660000DD0042C2DD10EE0102C16D0202C23D090
:10A67000402C26D122E0FBF7EDF8064625E0FBF75B
:10A68000FBF8064621E005A8F9F7BCF9069E1CE098
:10A6900002A8F9F7CFFA039E17E01E480068C0F33E
:10A6A000401038B11B480068C0F3C1011A4820FAB5
:10A6B00001F600E0184E08E0184E06E04FF40046A0
:10A6C00003E000260120089000BF00BFAEB114498E
:10A6D000686A31F81000B6FBF0F0696800EB5100D1
:10A6E000B0FBF1F7102F06D3B7F5803F03D2B8B215
:10A6F0002968C86001E0012008900120A5F86A00DF
:10A70000A5F8680000206867A867089809B0BDE848
:10A71000F08F0000004402580090D00300093D0073
:10A72000D033010830B503469965A3F85C20A3F83F
:10A730005E200020586700BF9868B0F5805F0AD19E
:10A74000186920B940F2FF10A3F8600020E0FF2054
:10A75000A3F860001CE0986848B9186918B9FF2090
:10A76000A3F8600014E07F20A3F8600010E0986870
:10A77000B0F1805F09D1186918B97F20A3F8600093
:10A7800006E03F20A3F8600002E00020A3F860008C
:10A7900000BF0020C3F890002220C3F88C0000BF47
:10A7A00000BF1C68083454E8004F44F001001C68E6
:10A7B000083444E80005002DF3D100BF586EB0F115
:10A7C000005F2CD1B3F86800904228DC9868B0F59F
:10A7D000805F04D1186910B92548586701E0254801
:10A7E0005867186960B100BF00BF1C6854E8004F8B
:10A7F00044F480701D6845E80004002CF5D100BFCA
:10A8000000BF00BF1C68083454E8004F44F080507B
:10A810001C68083444E80005002DF3D126E0986850
:10A82000B0F5805F04D1186910B91348586701E08A
:10A8300012485867186960B100BF00BF1C6854E82F
:10A84000004F44F490701D6845E80004002CF5D1D9
:10A850000CE000BF00BF1C6854E8004F44F020002B
:10A860001D6845E80004002CF5D100BF002030BD74
:10A87000999C00089D9F0008959B0008999E0008E0
:10A880002DE9F04104460D4617469846069E41E0E4
:10A89000701C00283ED0F8F727FBA0EB0800B04260
:10A8A00000D816B90320BDE8F0812068006800F0E8
:10A8B000040070B3802D2DD0402D2BD02068C069AE
:10A8C000C0F3C00078B10820216808622046FFF775
:10A8D00013F90820C4F8900000BF002084F8840019
:10A8E00000BF0120DFE72068C069C0F3C02080B14D
:10A8F0004FF40060216808622046FFF7FDF8202031
:10A90000C4F8900000BF002084F8840000BF03203A
:10A91000C9E7FFE72068C0692840A84201D10120AB
:10A9200000E00020B842B3D00020BCE710B50248D8
:10A93000FCF70CFB10BD0000E403002410B5024836
:10A94000FCF704FB10BD00007804002400BFFEE704
:10A950002DE9F04104460025A67840F27E30075DDF
:10A96000401C10F80480B84504D02046F6F722FFBA
:10A97000054604E03146204600F0E2FC0546284644
:10A98000BDE8F08170B50646002424B901213046A7
:10A9900000F028FE04462CB9012086F87803082030
:10A9A00086F87C0300250AE034B9012229463046A6
:10A9B00000F0C1F9044300E003E0681CC5B2022DB9
:10A9C000F2DB00BF34B94FF490120021304600F0A2
:10A9D000D6F9044634B94FF480420121304600F0E4
:10A9E000CEF90446204670BDF8B505460C46002653
:10A9F0006946284600F017FF0646009880014FF48C
:10AA00007A71B0FBF1F00099081A0090009820606C
:10AA10003046F8BD30B503460020022903DB001F95
:10AA20000025157003E003F561756C5C147030BD92
:10AA30002DE9FC4106460C4617464FF0000814B1BC
:10AA4000012C12D108E06946304600F00BFF804629
:10AA5000BDF8000085030BE001A9304600F0F9FEC7
:10AA60008046BDF80400450202E06FF0030800BF15
:10AA700000BFB8F1000F11D145B906F5627050F86A
:10AA800024503D600021001F015507E03D6006F5A0
:10AA9000627040F824500121001F01554046BDE876
:10AAA000FC812DE9F04786B007460D4600240020C2
:10AAB00005900490039002908246019028602CB982
:10AAC00005AA0521384600F088F804462CB904AAE6
:10AAD0000621384600F081F8044634B902AB03AAD7
:10AAE00001A9384600F0EDFF0446002C4CD197F840
:10AAF0007C83B8F1030F18D0B8F1040F03D0B8F17C
:10AB0000080F3DD127E09DF81400012803D09DF8DF
:10AB10001000012805D141F28831029800EB010AAA
:10AB200002E0029800F57A7A2DE09DF814000128E1
:10AB300003D09DF81000012806D146F2E8710222E8
:10AB4000029802FB001A05E045F2604102220298D9
:10AB500002FB001A17E0F5266A4648F2360138462D
:10AB600000F0FBFF0098002803DDF521009800FBB2
:10AB7000016606F6DC590221029801FB009A02E008
:10AB80006FF0070400BF00BF0CB9C5F800A0204655
:10AB900006B0BDE8F0872DE9F041A2B080460C4632
:10ABA000002601ADFF221C212046F5F769FC2A464C
:10ABB0000221404600F0E3FD064656B9A878207110
:10ABC0002F1D0094EA783B4601214046FEF77AFAB1
:10ABD0000646304622B0BDE8F0812DE9F04104463A
:10ABE0000D461646002732462946204600F03AFF19
:10ABF00007463846BDE8F08170B504460D46164656
:10AC0000012332462946204600F016F870BDF8B5FB
:10AC100006460F46144602236A463946304600F07F
:10AC20000BF8054635B99DF801009DF8001040EA83
:10AC3000012020802846F8BD2DE9FE4304460D463C
:10AC400016461F464FF47A71B8B2CDE90060029102
:10AC500094F89803410002232A460648F8F720FAA0
:10AC60008046B8F1000F02D10020BDE8FE836FF0EE
:10AC70000C00FAE7DC0100242DE9FF4706460D46EB
:10AC8000002496F87C93012D07D0022D05D0032DCA
:10AC900003D0201F04B0BDE8F08734B9012D01D0E6
:10ACA000022D01D12F4600E0032724B96946304622
:10ACB00001F082F80446D6F8148034B903AB02AA36
:10ACC00001A9304600F0FDFE044634B943463A4639
:10ACD00049463046FEF716F9044634B940F27E3054
:10ACE0008755401C8755801E855544B9304601A9BB
:10ACF0000EC902F03BFC04460CB90398306124B93C
:10AD00006946304602F05AFC04462046C2E72DE967
:10AD1000F04106460C4600272546A8014FF47A71FB
:10AD2000B0FBF1F005442946304602F0F8FA074638
:10AD30003846BDE8F0812DE9F04105460C4616463F
:10AD40000027B846022C01DB3F1F0DE016B94FF07B
:10AD5000000803E005F5627050F824804246214661
:10AD60002846FEF78FF8074637B90EB1012100E0FB
:10AD7000002105F5617001553846BDE8F0812DE9E7
:10AD8000F04105460C4616460027022C01DB3F1F0A
:10AD900015E005F5617010F80480B8F1000F03D1DB
:10ADA000001D40F824600AE0324621462846FEF79E
:10ADB00069F807461FB905F5627040F82460384607
:10ADC000BDE8F0812DE9F04F87B006460D4600241E
:10ADD000DFF810914448854200D9241F2CB906AAF7
:10ADE00005213046FFF7F9FE04462CB905AA0621D5
:10ADF0003046FFF7F2FE044634B904AB03AA02A9B9
:10AE0000304600F05EFE0446002C63D196F87CB319
:10AE100000274FF0010ABBF1030F14D0BBF1040F60
:10AE200003D0BBF1080F36D11FE09DF818000128B0
:10AE300003D09DF81400012802D141F2883701E0C7
:10AE40004FF47A772AE04FEA49099DF81800012863
:10AE500003D09DF81400012802D146F2E87701E002
:10AE600045F260474FF0020A18E04FEA49094FF0F7
:10AE7000F50801AA48F23601304600F06EFE01984E
:10AE8000002803DDF521019800FB018808F6DC5756
:10AE90004FF0020A02E06FF0070400BF00BFBD429E
:10AEA00002D86FF0030401E0E81B049094B9049801
:10AEB000484502D96FF0030409E00498B0FBFAF0AA
:10AEC0000490304602A90EC902F050FB04460CB9AA
:10AED0000498306114B94FF460708551204607B072
:10AEE000BDE8F08F70640800809698002DE9F0416D
:10AEF00007460C46002503264FF47A733246214656
:10AF00003846FDF7FFFF0546BDB940F27E30C65515
:10AF1000401CC655042C03D0032C01D0082C06D1AC
:10AF20004AF228013846FFF74DFF054605E048F292
:10AF300035213846FFF746FF05462DB94FF47A71A3
:10AF40003846FFF7E4FE05462846BDE8F0812DE9C6
:10AF5000FC410446002594F87873042F14D007DCD4
:10AF60007FB1012F0ED0022F0DD0032F12D106E09A
:10AF7000052F0AD0622F09D0632F0BD107E00025DF
:10AF80000BE000BF00BF00BF00BF00BF00BF6FF0FD
:10AF90000D0502E06FF0020500BF00BFA678C5B93D
:10AFA000402E16D101A92046FFF77BFD80464FF4C5
:10AFB0007A710198B0FBF1F0019069462046FFF7E5
:10AFC00013FD8046DDE90010001D814201D26FF0C3
:10AFD00003052DB906223146204601F01EFC054628
:10AFE00015B9042084F878032846BDE8FC8170B5C3
:10AFF00004460025032084F878032026A670032148
:10B0000040F27F300155401E0155401E0155082178
:10B010002046FFF76BFF0546284670BD70B5044615
:10B0200000254FF4FA61204601F0CDFE0546284682
:10B0300070BD70B505460C462046F7F72FFE002080
:10B0400070BD000008B5024608480068084BB0FB18
:10B05000F3F00523B0FBF3F04843009000BF0098E5
:10B06000431E00930028FAD108BD000020000024F0
:10B0700040420F002DE9FF4F81B00E46174698461B
:10B08000DDE90EA90024F7F72FFF8346002000908A
:10B09000002516E06A4639460198FFF7ADFD0446E3
:10B0A0009DF8000000EA0A00404500D1012544B99E
:10B0B0003DB9B9F1000F04D049460198FFF7B9FF37
:10B0C00004463CB9F7F710FFA0EB0B00B04201D2E9
:10B0D000002DDFD015B90CB96FF00604204605B07D
:10B0E000BDE8F08F2DE9FE4304460D4616461F4687
:10B0F0004FF47A71B8B2CDE90060029194F89803E8
:10B10000410002232A460648F8F79AF88046B8F12B
:10B11000000F02D10020BDE8FE836FF00C00FAE7BB
:10B12000DC010024F0B504460D4600260027204629
:10B1300000F0D2FA06462946304600F0BAF8074633
:10B140003846F0BDF0B504460D46002600272946D6
:10B15000204600F05BF80646304600F0E1FA07466C
:10B160003846F0BD2DE9F04106460D4600BF00BF50
:10B1700000BF304600F00FF80746284600F0B3FA4B
:10B18000804607EBC7000402A40904FB08F4A409E5
:10B190002046BDE8F081014600204FF0804292FB3E
:10B1A000F1F070472DE9F04305460C460021884632
:10B1B000002600278C4628014FF47A7990FBF9F697
:10B1C000002C01DA604207B2002A02DA50420FFA7C
:10B1D00080FC4FEA471909EB4C114FF47A7091FB50
:10B1E000F0F13144594301F110004FEAE07900EBEE
:10B1F000D9694FEA6911B1F5803F02DB4FF6FF785C
:10B2000001E01FFA81F84046BDE8F08302460020C5
:10B21000130303EB5103B3FBF1F070472DE9FC5F1F
:10B2200082460F4690461E46DDE90CB40020019090
:10B230000090814600251EB96FF00E00019035E0A8
:10B24000A1793046FFF78EFF009050460099FFF736
:10B25000DDFF8146B9F1FF0F01D94FF0FF098BF8EF
:10B26000079038460099FFF76DFF0546280A2070C1
:10B27000657040460099FFF765FF0546280A207172
:10B280006571617A3046FFF76DFF0090384600998E
:10B29000FFF758FF0546280AA070E5704046009960
:10B2A000FFF750FF0546280AE07125720198BDE8B6
:10B2B000FC9FF0B503460C46002000BFA3FB04151D
:10B2C0002A464FF4006C11EB0C0142F100020D0B09
:10B2D00045EA02510846F0BDF0B5014600200A4695
:10B2E00002F12C0302F5E77400250026002794F8EC
:10B2F00001C00CF01F05E67894F800C00CF0200C9B
:10B300004FEA2C1792F8CCC10CF0200CBCF1200FA6
:10B3100015D193F804C0BCF1060F04D1122D0ED044
:10B320006FF010000BE093F805C0B44501D06FF04A
:10B33000110093F806C0BC4501D06FF01200F0BDBB
:10B3400070B505460E4600242CB903223146284626
:10B3500001F063FA0446204670BD10B50346002094
:10B3600001245470002494708B244C744FF448448E
:10B370001C8202249C7210BD10F8102F0A704278B3
:10B380004A7082788A70C278CA7002790A714279EA
:10B390004A7182798A71C279CA71027A0A72427AD2
:10B3A0004A72827A8A72C27ACA72027B0A73427BBA
:10B3B0004A73827B8A73C27BCA73027C0A74427CA2
:10B3C0004A74827C8A74C27CCA74027D0A75427D8A
:10B3D0004A75827D8A75C27DCA75027E0A76427E72
:10B3E0004A76827E8A76C27ECA76027F0A77427F5A
:10B3F0004A77827F8A77C27F1038CA7770472DE9F3
:10B40000F0410746144600250022002691F803C0AB
:10B4100083F802C0181D00BFB5E005704FF0000CA6
:10B42000C0F804C091F803C0BCF1000F0BD191F833
:10B4300001C00CF01F0CBCF1090F04D14FF0130C2C
:10B4400080F83EC005E091F801C00CF01F0C80F8B8
:10B450003EC015B1012D51D151E091F802C0BCF1AF
:10B46000070F04D1B1F812C0A0F810C00DE091F898
:10B4700002C0BCF1080F04D1B1F814C0A0F810C08C
:10B4800003E0B1F804C0A0F810C0B1F810C0A0F8F3
:10B490002CC0B1F816C0A0F82EC0B1F808C0A0F8B2
:10B4A00030C0B1F80AC04FEA4C16B6F5803F01D360
:10B4B0004FF6FF760687B1F80CC0A0F83AC0CA89EB
:10B4C0007A4302F5806294464FEAE27802EB5858DC
:10B4D0004FEAE8220FFA82FCA0F83CC0D4F804C07E
:10B4E000C0F824C0D4F808C0C0F828C0D4F80CC0F4
:10B4F000C0F814C0D4F800C0C0F820C03DE0B1F8D6
:10B5000018C0A0F810C0B1F81AC0A0F82CC04FF6AF
:10B51000FF7CA0F82EC0B1F81CC0A0F830C0B1F874
:10B520001EC04FEA4C16B6F5803F01D34FF6FF76AA
:10B530000687B1F820C0A0F83AC04A8C7A4302F5D9
:10B54000806294464FEAE27802EB58584FEAE822CC
:10B550000FFA82FCA0F83CC0D4F814C0C0F824C094
:10B56000D4F818C0C0F828C0D4F81CC0C0F814C063
:10B57000D4F810C0C0F820C000BF00BF403005F1B3
:10B58000010C0CF0FF05022DFFF647AF4FF0000C49
:10B5900083F803C091F801C00CF01F0CBCF1030F3D
:10B5A00010D006DCBCF1010F0AD0BCF1020F16D19D
:10B5B00007E0BCF10D0F06D0BCF1110F0FD103E075
:10B5C00000BF00BF00BF00BF91F801C00CF01F0C0E
:10B5D00083F803C04FF0000883F8428000BF00BF2B
:10B5E000BDE8F081FEB505460F4600262C466221D7
:10B5F000284601F04CFA00202070012060700020E5
:10B60000A0700120E07020714FF47A70A0604000BB
:10B61000E06043F2C8202061642060614FF4206044
:10B620002083002084F8210040F2DB70A4F89C0005
:10B63000284601F0C5FA002F04DD1EB9284601F0A6
:10B6400020FE064604F5887001F047FA064604F528
:10B65000907001F053FA064604F5967104F1420029
:10B6600001F0BCFA064604F5A27001F023FA064682
:10B6700004F1A40001F052FA06462021284601F008
:10B68000B2FF064666B9D4E903126069CDE900123B
:10B690000290228B61782846A36801F065FE064679
:10B6A000284601F0CEFA3046FEBD7F280BDDC0F102
:10B6B000FF0303F0070308330B70A0F18003C3F30B
:10B6C000C703137007E000F007030B70C0F17F039E
:10B6D000C3F3C7031370704701460020CAB20B0AB8
:10B6E0009A40501C7047014600204A1C5206100E1A
:10B6F00070470311137000F00F030B70704710B503
:10B70000072807DD802303EBC103C0F10F042344A6
:10B71000137004E0C1F10F0300EBC303137010BDFD
:10B7200010B5014600200022002361B14A1E02E04C
:10B7300052085C1CA3B222F0FF04002CF8D114467E
:10B7400063F31F24A0B210BD00EB01131370704708
:10B7500070B586B006460D46002434B917236A46F4
:10B760000D213046FFF768FA04462CB92A4669468F
:10B77000172000F078FB0446204606B070BD2DE986
:10B78000F04707468946904600253C4607F53D7A36
:10B79000564625B94946384600F06DF8054645B984
:10B7A000B4F89C00334604F5227204F5E771FFF704
:10B7B00026FE40F2E520005D012821D165B940F266
:10B7C000E620005D40B9384601F07DFA05460121CA
:10B7D00040F2E620015509E045B940F2E620005D5F
:10B7E000012803D1022140F2E620015540F2E62073
:10B7F000005DFF2804D01DB9384601F095FA0546D2
:10B8000094F82C0030703020005D70708422314636
:10B810004046F4F723FE1DB93846FFF75DFD0546A7
:10B820002846BDE8F08730B502460B460020114699
:10B830004FF42D74645A0CB96FF00E0040B94FF4F8
:10B84000D67465584FF42D74645AB5FBF4F41C603B
:10B8500030BD10B50246002013464FF4D474E45AAC
:10B860000C8010BD10B50246002013464FF4D3746F
:10B87000E45A0C8010BD2DE9F04FC3B004460F46CA
:10B880000025A04608F5E77A08F5227B08F52B701D
:10B8900002908826A94600200190012F06D0022F91
:10B8A00009D1C6F5877080B2019007E0C6F1D500D6
:10B8B00080B2019002E02C20019000BF00BF35B99A
:10B8C00003AA31462046019BFFF7B6F90546022F31
:10B8D0000CDB5DB9C6F1D6001FFA80F903A800EBB6
:10B8E00009013820029A00F010FB0546012F0CDBFD
:10B8F0005DB9C6F1B4001FFA80F903A800EB090195
:10B900005A46212000F06FFA05464DB94FF0000964
:10B9100003A800EB090152462C2000F0B2FC0546BA
:10B92000284643B0BDE8F08F2DE9FC4105460C46A2
:10B930004FF000082E46002001900090002796F856
:10B940002A0201AA6946FFF7B0FE9DF804002070A4
:10B950009DF80000607096F82B723811E07007F0C7
:10B960000F00A0704046BDE8FC8170B58EB0064661
:10B970000D4600243CB9312301AA40F20F11304694
:10B98000FFF75AF904462CB92A4601A9312000F0E4
:10B99000A6FB044620460EB070BD2DE9F0410646D8
:10B9A0000F46DDE9064500203146072F2ED007DC83
:10B9B000072F51D2DFE807F050131415161729008E
:10B9C000242F36D006DC082F21D0112F0CD0122FB7
:10B9D00042D11DE0252F2DD0262F3DD12BE000BFD9
:10B9E00000BF00BF00BF00BFB1F8CAC0A2F800C0CE
:10B9F000D1F8D0C0C3F800C0D1F8D8C0C4F800C096
:10BA0000D1F8E4C0C5F800C029E000BF00BF00BF06
:10BA1000B1F8CCC0A2F800C0D1F8D4C0C3F800C0BF
:10BA2000D1F8DCC0C4F800C0D1F8E8C0C5F800C047
:10BA300015E000BF00BFB1F8CCC0A2F800C0D1F83B
:10BA4000D4C0C3F800C0D1F8E0C0C4F800C0D1F839
:10BA5000ECC0C5F800C002E06FF0030000BF00BFFB
:10BA6000BDE8F08170B5034600201D46012407297A
:10BA70000FDC002902DD01268E40F4B240F2C5162B
:10BA8000765D26401670002905DD16780E41167089
:10BA900001E06FF0030070BDFEB506460D460024C0
:10BAA00034B90B236A4601213046FFF7C5F8044636
:10BAB0002CB92A4669460B2000F0B2FB044620460A
:10BAC000FEBD2DE9F05F05460E46174698464FF03D
:10BAD000000A2C46D346D1464FF4AF70005B08B93C
:10BAE0006FF00E0ABAF1000F34D14FF4D172115D2C
:10BAF0004FF4AF72105BFFF735FB834640F28B11BA
:10BB0000085D5946FFF7D5FB306094F89C9140F2F0
:10BB10009D10005D00EB09201FFA80F95946484648
:10BB2000FFF700FB38604FF4D07010F80490401C11
:10BB3000005D00EB09201FFA80F959464846FFF7DF
:10BB4000F1FAC8F800003068A0603868E060D8F802
:10BB5000000020615046BDE8F09F70B503460C46DA
:10BB600000201946A4F50045392D6FD2DFE805F015
:10BB70001D2125292D3135393D4145494D51555915
:10BB80005D61666A6F73777B7F83878B8F93989CE9
:10BB9000A1A6ABB0B5B9BEC3C8CDD2D7DCE1F1F533
:10BBA000F9FDECEBEAE9E8E7E600B1F8A45015602E
:10BBB00000E1A6256D5A1560FCE0A8256D5A1560B8
:10BBC000F8E0B0256D5C1560F4E0B1256D5C1560A2
:10BBD000F0E0B2256D5A1560ECE0B1F89C501560AC
:10BBE000E8E0B4256D5C1560E4E0B6256D5A15609B
:10BBF000E0E0B8256D5A1560DCE0BA256D5A156095
:10BC0000D8E0BC256D5A1560D4E0BE256D5A15608C
:10BC1000D0E0C0256D5A1560CCE0C2256D5C156082
:10BC2000C8E0C3256D5C1560C4E091F8C450156090
:10BC3000C0E04FF4A0756D5C1560BBE091F8C55095
:10BC40001560B7E091F8C7501560B3E0ADE091F82A
:10BC5000C8501560AEE0B1F93E511560AAE0AA25C2
:10BC60006D5C1560A6E0AB256D5C1560A2E0AC25AF
:10BC70006D5C15609EE0AD256D5C15609AE0AE25AB
:10BC80006D5C156096E0AF256D5C156092E091F8F3
:10BC9000C65015608EE04FF4B0756D5C156089E09C
:10BCA00091F81051156085E040F211156D5C15603A
:10BCB00080E04FF48A756D5815607BE04FF48C7509
:10BCC0006D5A156076E04FF48D756D5A156071E010
:10BCD0004FF48E756D5A15606CE0B1F844511560E3
:10BCE00068E04FF4A4756D58156063E04FF4A875D3
:10BCF0006D5815605EE04FF4A6756D58156059E0FB
:10BD00004FF4AA756D5C156054E040F255156D5CFA
:10BD100015604FE04FF4AB756D5C15604AE040F282
:10BD200021156D5C156045E04FF491756D5C1560F3
:10BD300040E04FF494756D5A15603BE031E02CE023
:10BD400027E022E01DE018E013E00EE009E004E047
:10BD5000FFE7CA256D5A15602CE0CC256D5A156099
:10BD600028E0D0256D58156024E0D4256D58156065
:10BD700020E0D8256D5815601CE0DC256D58156055
:10BD800018E0E4256D58156014E0E8256D5815603D
:10BD900010E091F8E45215600CE0E0256D58156054
:10BDA00008E0EC256D58156004E06FF00045156063
:10BDB000A80000BF00BF70BD2DE9F04105460C464C
:10BDC00000272E4640F2C311885D2246611CFFF712
:10BDD0006CFC4FF4E271885DE21CA11CFFF789FC4A
:10BDE0003846BDE8F0812DE9F04106460D4614467F
:10BDF0000027212E03DA6FF00900BDE8F081294603
:10BE0000042000F0DFFA2060291D042000F0DAFA97
:10BE1000606005F10801042000F04FF9A06005F111
:10BE20000C01042000F0CEFAE06005F110010420BE
:10BE300000F0C8FA206105F11401042000F0C2FAF4
:10BE4000606105F11801042000F037F9A06105F1E7
:10BE50001C01042000F0B6FAE06195F8200084F897
:10BE600020003846C9E72DE9F04106460C46154644
:10BE70000027172E03DA6FF00900BDE8F081207863
:10BE8000287060786870A078A870E078E8702079F1
:10BE90002871607900F00F006871A079A871E079CD
:10BEA00000F03F00E871207A00F00300287204F1EE
:10BEB0000901022000F077FA688104F10B010220E9
:10BEC00000F0E8F8A88104F10D01022000F0E2F88A
:10BED000E88104F10F01022000F065FA288204F1E4
:10BEE0001101022000F0D6F8C0F30C00688204F1C2
:10BEF0001301022000F0CEF8A88204F115010220FF
:10BF000000F0C8F8E8823846B7E72DE9F041064668
:10BF10000D4614460027382E03DA6FF00900BDE8FD
:10BF2000F0812946022000F03EFA2080A87800F037
:10BF30007F00A070E87800F03F00E070287900F002
:10BF400003002071687900F001006071A87900F0A9
:10BF50003F00A071E87900F03F00E07105F10801B1
:10BF6000022000F020FAC0F309002081A87A00F036
:10BF70000300A072E87A00F00300E072287B00F072
:10BF80000F002073687B00F007006073A87B00F04F
:10BF90000100A073E87B00F00300E073287C2074AC
:10BFA000687C607405F11201022000F0FCF9C0F316
:10BFB0000B00608205F11601022000F0F4F9A08266
:10BFC00005F11801022000F0EEF9E08215F81A0FD1
:10BFD00000F0010004F8180F687800F007006070A6
:10BFE000A878A070E878E070287900F07F002071D0
:10BFF000687900F07F006071A87900F00300A071FB
:10C00000E87900F00F00E071287A2072687A607297
:10C01000A87AA072E87A00F00100E072287B00F0B4
:10C0200003002073687B00F01F006073A87B00F0A2
:10C030001F00A073E87B00F01F00E073287C00F075
:10C0400001002074687C00F001006074A87C00F09E
:10C050000300A074E87C1A3D00F03F00E07405F195
:10C060002E01042000F0AEF9C0F31100606105F16B
:10C070003201042000F0A6F9A06195F8360000F026
:10C080000100207795F8370000F001006077183C38
:10C09000384644E710B5024600200B78802B00DBC1
:10C0A000401E04E011F8014B44EA002318B2131EAD
:10C0B000A2F10104A2B2F5DC10BD10B502460020C9
:10C0C0000B78802B00DB401E03E011F8014B44EAA3
:10C0D0000020131EA2F10104A2B2F6DC10BD2DE96E
:10C0E000F04106460C4615460027312E03DA6FF064
:10C0F0000900BDE8F0812078287060786870A07829
:10C10000A870E11C022000F04EF9A88014F8050F79
:10C1100000F07F0005F8060F607800F007006870F7
:10C12000A07800F00700A870E07800F03F00E87009
:10C13000207900F03F002871607900F001006871FB
:10C14000A07900F07F00A871E07900F00100E871AB
:10C15000207A00F03F002872607A00F03F00687299
:10C16000A07AA872E07AE872207B2873607B6873FB
:10C17000A07BA873E07BE873207C2874607C6874E3
:10C18000A07CA874E07CE874207D2875607D6875CB
:10C19000A07DA875E07DE875207E2876607E6876B3
:10C1A000A07EA876E07EE876207F2877607F68779B
:10C1B000A07FA877E07FE87794F8200085F820003A
:10C1C00094F8210085F8210094F8220085F82200D7
:10C1D00094F8230085F8230094F8240085F82400BF
:10C1E00094F8250085F8250094F8260085F82600A7
:10C1F00094F8270085F8270094F8280085F828008F
:10C2000094F8290085F8290094F82A0085F82A0076
:10C2100094F82B00641F85F82B00AD1F384668E7A3
:10C220002DE9F04106460C46154600270B2E03DA91
:10C230006FF00900BDE8F081207800F07F002870E1
:10C24000607800F00F006870A07800F07F00A870A0
:10C25000E07800F00300E870207900F07F0028719A
:10C26000611D022000F09FF8E880E0792872207AB2
:10C270006872607A00F03F00A872A07AE8723846CF
:10C28000D8E72DE9F04106460C46154600272C2E2E
:10C2900003DA6FF00900BDE8F081207800F03F007C
:10C2A000287060786870A07800F00F00A870E078BF
:10C2B000E870211D022000F076F8A880A11D022060
:10C2C00000F071F8E88004F10801022000F06BF83A
:10C2D000288104F10A01022000F065F8688104F168
:10C2E0000C01022000F05FF8A88104F10E01022089
:10C2F00000F059F8E88104F11001022000F053F831
:10C30000288204F11201022000F04DF8688204F145
:10C310001401022000F047F8A88204F1160102205F
:10C3200000F041F8E88204F11801022000F03BF827
:10C33000288304F11A01022000F035F8688304F123
:10C340001C01022000F02FF8A88304F11E01022036
:10C3500000F029F8E88304F12001022000F023F81E
:10C36000288404F12201022000F01DF8688404F101
:10C370002401022000F017F8A88404F1260102200D
:10C3800000F011F8E88404F12801022000F00BF815
:10C39000288594F82A0085F82A0094F82B0085F85F
:10C3A0002B00384677E710B50246002004E011F86C
:10C3B000014B44EA002398B2131EA2F10104A2B279
:10C3C000F5DC10BD10B50246002003E011F8014B6A
:10C3D00044EA0020131EA2F10104A2B2F6DC10BD53
:10C3E0002DE9F04104460E4615460027172E03DAC4
:10C3F0006FF00900BDE8F0812078287060786870DF
:10C40000A078A870E078E87020792871607900F051
:10C410000F006871A079A871E07900F03F00E87121
:10C42000207A00F003002872608905F109020221D8
:10C4300000F0D3F9B4F90C0005F10B02022100F071
:10C44000B4F8B4F90E0005F10D02022100F0ADF8C8
:10C45000208A05F10F02022100F0BFF9618AC1F3C1
:10C460000C0005F11102022100F09FF8B4F914004C
:10C4700005F11302022100F098F8B4F9160005F155
:10C480001502022100F091F83846B3E72DE9F0419A
:10C4900004460E4615460027122E03DA6FF00900F7
:10C4A000BDE8F081207800F00300287060886A1CE5
:10C4B000022100F092F9A088EA1C022100F08DF917
:10C4C000A07900F001006871E07900F00700A87120
:10C4D000207AE871607A2872A07A00F07F00687292
:10C4E000E07A00F07F00A872207B00F00300E87281
:10C4F000607B00F003002873A07B00F00F006873DE
:10C50000E07BA873207CE873607C2874A07C00F03A
:10C51000030068743846C3E72DE9F04104460E462F
:10C5200015460027162E03DA6FF00900BDE8F081EA
:10C530002078287060786870A078A870E07800F0A3
:10C540007F00E870A188C1F30B002A1D022100F0D2
:10C5500044F9A07900F07F00A871E079E871207AB1
:10C560002872607A00F001006872A07A00F007007B
:10C57000E872A08905F10C02022100F02EF9E08991
:10C5800005F10E02022100F028F9208A05F11002BF
:10C59000022100F022F9A07CA874E07CE874207DE0
:10C5A0002875607D68753846C0E770B50346002081
:10C5B00000241C4600BF05E00D1A6D1E54552412C0
:10C5C000451CA8B28842F7DB70BD2DE9F041044656
:10C5D0000E4615460027202E03DA6FF00900BDE84D
:10C5E000F08120882A46022100F0F7F8A07800F0B8
:10C5F0000100A870E07800F00F00E870207900F0EA
:10C600000F002871607900F01F006871A07900F0B8
:10C610007F00A871E07900F07F00E871207A00F0D7
:10C6200001002872607A6872A07A00F00100A87296
:10C63000E07A00F00300E872207B00F01F0028730E
:10C64000607B00F003006873A07B00F00300A87318
:10C65000E07B00F00700E873207C00F01F002874E6
:10C66000607C00F001006874A07CA874E07CE87431
:10C67000207D2875607D6875A07DA875E07DE875D2
:10C68000208B05F11802022100F0A7F8A07EA87601
:10C69000E07EE876207F00F00F002877607F6877E3
:10C6A000A07F00F00F00A877E07FE877384696E794
:10C6B0002DE9F04104460E46154600270B2E03DAFD
:10C6C0006FF00900BDE8F081207800F07F0028704D
:10C6D000607800F00F006870A07800F07F00A8700C
:10C6E000E07800F00300E870207900F07F00287106
:10C6F000E0886A1D022100F070F8207AE871607A03
:10C700002872A07A00F03F006872E07AA87238467A
:10C71000D8E710B503460024052902DA6FF00900B6
:10C7200010BD187800F001001070587800F001007A
:10C730005070987800F001009070D87800F00300F5
:10C74000D070187910712046EAE72DE9F0410446CF
:10C750000E4615460027172E03DA6FF00900BDE8D4
:10C76000F081207800F00F00287060786870A07861
:10C7700000F00F00A870E078E870207900F00F005A
:10C78000287160796871A07900F03F00A871E079A4
:10C7900000F00F00E871207A2872607A00F03F0004
:10C7A0006872608905F10A02022100F016F8A0897A
:10C7B00005F10C02022100F010F8A07BA873E07BC9
:10C7C000E87305F112020421206900F016F8207DBB
:10C7D00000F00100A8753846C1E770B50346002097
:10C7E00000241C4600BF05E00D1A6D1E545524128E
:10C7F000451CA8B28842F7DB70BD70B50346002027
:10C8000000241C4600BF05E00D1A6D1E5455240A75
:10C81000451CA8B28842F7DB70BD2DE9F74FCAB0BE
:10C820000546174600262C4604F5AC70099004F125
:10C830004200089004F5B27007902030069018303E
:10C84000059004F5DA7A04F5E47B04F12C000490F9
:10C850000AA80390002002908046814601904B98E0
:10C86000A0709BF8040000F00F004B9908438BF870
:10C8700004004FF4A170015B4FF4BE70015340F20D
:10C88000E620005DFF2803D1002140F2E62001559B
:10C8900040F2E520005D012820D140F2E620005D55
:10C8A000E0B94FF4C370015D40F2E720015520214B
:10C8B0004FF4C370015540F2C510005D00F06000F8
:10C8C00030B95820005B800001B25420015302E0CF
:10C8D000002154200153052F00DA052740F2E520FE
:10C8E000005D01280BD140F2E620005D012806D151
:10C8F00040F2E720015D4FF4C37001550627072F72
:10C9000017D2DFE807F01613100D0A0704004FF0E6
:10C91000010811E04FF00D080EE04FF024080BE085
:10C920004FF0440808E04FF05A0805E04FF0710856
:10C9300002E04FF0830800BF00BFC8F1880080B25A
:10C9400001900AA803900020029009E000210398BA
:10C9500001700398401C03900298401C80B2029022
:10C96000DDE901108842F1DB062F0CDB5EB9C8F16E
:10C9700001001FFA80F90AA800EB09020B210998AF
:10C98000FFF796FE0646052F0CDB5EB9C8F10D00D9
:10C990001FFA80F90AA800EB090217210898FFF78F
:10C9A0001FFD0646042F0CDB5EB9C8F124001FFAF8
:10C9B00080F90AA800EB090220210798FFF705FE7D
:10C9C0000646032F0CDB5EB9C8F144001FFA80F95C
:10C9D0000AA800EB090216210698FFF79DFD0646FE
:10C9E000022F0CDB5EB9C8F15A001FFA80F90AA8C1
:10C9F00000EB090217210598FFF7A7FE0646012F55
:10CA000022DB0EBBC8F171001FFA80F99BF804000D
:10CA100000F0200020280FD10498807840F0010019
:10CA20008AF800000498807840F001008AF80C0031
:10CA3000049880788AF812000AA800EB09021221F3
:10CA40005046FFF723FD06465EB9C8F183001FFA82
:10CA500080F90AA800EB090205215846FFF759FEA4
:10CA6000064636B90AAA41462846019BFEF73AFB1C
:10CA700006461EB9284600F031FE06461EB9284675
:10CA800000F0EBFD064630464DB0BDE8F08F10B526
:10CA90000246134603F12C00017000244470022466
:10CAA00084700024C47001714471022484710024D4
:10CAB000C47110BD014600204FF420620A804FF47B
:10CAC0007A724A6043F2C8228A60CA6008220A74F5
:10CAD00028224A7409228A747047014600200822DD
:10CAE0000A700B224A704FF47A724A604FF4206247
:10CAF0000A8152104A8192008A81704701460020C3
:10CB000000220A7012224A700F228A700222CA7012
:10CB100048F6A0424A600C220A8170470146002074
:10CB200048F203020A80921E4A8048F241028A803B
:10CB30000E228A710A22CA7106220A720E224A72D3
:10CB40000A228A720622CA7202220A7321224A73B8
:10CB50000022CA810A744FF4B4724A828A82CA825D
:10CB6000C0220A834A838A8308228A771022CA77DE
:10CB7000012281F82020022281F82120012281F85F
:10CB80002220022281F82320002281F824204FF461
:10CB90002062CA840A8548F23002CA624FF47A726F
:10CBA0000A6352004A638A634FF218620A6443F2CE
:10CBB000C8224A640122CA634FF4FA528A64704759
:10CBC00001460123282253540223292253540A23C5
:10CBD0002A2253544FF4E6624A6270472DE9F0412D
:10CBE00005460C46002668892060A889A080E8894F
:10CBF000E0806889A060A889A081E889E0810020A0
:10CC0000608240202075206830B9A08820B9E08873
:10CC100010B90020207401E00120207466B9207C46
:10CC2000012809D1237DB4F90620B4F90410206845
:10CC3000FEF7B8FAE08201E00020E0823046BDE86D
:10CC4000F08110B5014600200A46032382F8E43241
:10CC5000002440F2E5239C545B1C9C545B1C9C54B8
:10CC60005B1C9C545B1C9C545B1C9C549B1C9C50EC
:10CC70001B1D9C5210BD10B5024600201146FF241A
:10CC800040F2E6235C5400241B1D5C549B1C5C504A
:10CC90001B1D5C524FF43A735B5C2BB14FF43A733B
:10CCA0005C5C40F263135C5440F2E9235B5C2BB1A3
:10CCB00040F2E9235C5C4FF4B0735C54002440F212
:10CCC0008D135C5410BD10B501460A46002040F299
:10CCD00063139C5C4FF43A739C544FF4B0739C5CA8
:10CCE00040F2E9239C5440F263139B5C03F07F0401
:10CCF00040F263139C5492F8E442DB1E9B5C64F3A5
:10CD00009F03DCB24FF4B0739C54012440F28D13A6
:10CD10009C5440F2AE239C5C40F2EA239C549C5C01
:10CD200040F287139C5410BD30B5034619460020CD
:10CD30004FF4EF74655A4FF4EB74645A2A19B2F544
:10CD4000803F01D34FF6FF7212044FF4E974645A26
:10CD500014B96FF00E0025E04FF4E974645AB2FB89
:10CD6000F4F24FF43B746250B1F8644122044FF482
:10CD70003B74645814B96FF00E0013E04FF43B7429
:10CD80006458B2FBF4F2B2F5803F01D34FF6FF7264
:10CD90004FF43C746252655A4FF4CA7465520225CE
:10CDA000A41F655400F10F0464B94FF400454FF41B
:10CDB0003C746552655A4FF4CA7465520225A41F2B
:10CDC0006554002030BD2DE9FC4704460D46002681
:10CDD000A1460027B0464FF4B87010F8090000F0E3
:10CDE000100717B94FF0010801E04FF000080120CB
:10CDF000009043463122294601902046FEF73AF939
:10CE000006463046BDE8FC872DE9FC5F07460C4628
:10CE100090461D46DDE90DABDDF8309000262B462F
:10CE2000424621463846CDE9009A00F0D5F906463B
:10CE30002EB95A4629462046FEF78FFA0646304656
:10CE4000BDE8FC9F2DE9FC5F07460C4690461D4659
:10CE5000DDE90DABDDF8309000262B464246214639
:10CE60003846CDE9009A00F08DF906462EB95A46AB
:10CE700029462046FEF771FA06463046BDE8FC9F7B
:10CE80002DE9FC5F07460C4690461D46DDE90DABDB
:10CE9000DDF8309000262B46424621463846CDE943
:10CEA000009A00F0C3F906462EB95A462946204694
:10CEB000FEF753FA06463046BDE8FC9F2DE9FC47D5
:10CEC00006460F4690469946DDE90A4A00254B463C
:10CED000424639463046CDE9004A00F02EF8054674
:10CEE0000DB9012060702846BDE8FC872DE9FC479C
:10CEF00081468A4614461D46DDE90A674FF0000860
:10CF00002B46224651464846CDE9006700F015F809
:10CF10008046B8F1000F0DD10020A8742071B12017
:10CF200060710020E071D420207297F82200E8712F
:10CF3000102030714046BDE8FC87F0B50446DDE9BD
:10CF4000056500204FF4206727800027A770E77051
:10CF500027716771A771E77127726772A772E7720D
:10CF600011272773022767730027A7730227E77328
:10CF700008272774002767740835AF7DA774EF7DF5
:10CF8000E7742F7E2775012767750027A775E7755A
:10CF90002783FF27A7762F7AE7762F792777002731
:10CFA0006777A777E7770F704F7020278F700B2771
:10CFB000CF70EF888F8002278F710D27CF716F7927
:10CFC0000F7200274F7201278F7200278F81CF8148
:10CFD0004FF40C470F8200278F743827CF74FF2738
:10CFE0000F7501274F75002717701A2757700027F4
:10CFF00097702027D77001271771CC2757710B27FF
:10D0000097710127D771F527177209275772AF89D2
:10D0100057816F8A9781082797737827D7730027DE
:10D020001761177501271F7000275F809F809F7110
:10D030006F7EDF710B271F7209275F7215F8017C65
:10D040009F72AF78DF7201271F732F7F5F73EF7EB0
:10D05000083D9F73C727DF73FF271F74DB275F74AB
:10D0600002279F74002777700127B770F770212778
:10D070003771F0BD2DE9FC478046894614461D46B0
:10D08000DDE90AA600272B46224649464046CDE95F
:10D0900000A6FFF752FF07469FB90F20A0710D2091
:10D0A0006072708A6081308BA0810820A073B820E4
:10D0B000E0730F2028720D206872B079A872707A20
:10D0C000E8723846BDE8FC872DE9FC4707460C4668
:10D0D00090461D46DDE90A9A00262B464246214627
:10D0E0003846CDE9009AFFF728FF06461EB9022010
:10D0F000A0723B2068743046BDE8FC872DE9FC47F0
:10D1000007460C4690461D46DDE90A9A00262B4646
:10D11000424621463846CDE9009AFFF70EFF064603
:10D120001EB90220A0725B2068743046BDE8FC87FF
:10D130002DE9FC478046894614461D46DDE90AA6CE
:10D1400000272B46224649464046CDE900A6FFF778
:10D15000F4FE07469FB90720A07105206072F08A8F
:10D160006081B08BA0810820A0733820E073072075
:10D17000287205206872307AA872F07AE872384610
:10D18000BDE8FC872DE9FC4781468A4614461D46CA
:10D19000DDE90A674FF000082B4622465146484613
:10D1A000CDE90067FFF7C9FE8046B8F1000F10D146
:10D1B0000020A8742071B12060710020E071D4209B
:10D1C00020724FF4C060206197F82200E87140207F
:10D1D00030714046BDE8FC872DE9FC4781468A4610
:10D1E00014461D46DDE90A674FF000082B4622462B
:10D1F00051464846CDE90067FFF73CFF8046B8F14D
:10D20000000F10D10020A8742071972060710020B9
:10D21000E071B12020724FF4C060206197F82200C5
:10D22000E871402030714046BDE8FC872DE9FC479D
:10D2300081468A4614461D46DDE90A674FF000081C
:10D240002B46224651464846CDE90067FFF770FF5E
:10D250008046B8F1000F11D10020A8740120207180
:10D26000842060710120E071B12020724FF4C06011
:10D27000206197F82200E871402030714046BDE8F7
:10D28000FC8770B50646002534462DB904F5AC710F
:10D290003046FEF701FC05462DB904F14201304647
:10D2A000FEF756FA054665B904F5FD713046FEF7FE
:10D2B0005CFB05462DB904F1F00104F5FD70FEF7A5
:10D2C0005BF835B904F52D72DE213046FDF79FFC81
:10D2D00005464FF4AF70005BB0F5805F04DA4BF6A3
:10D2E000CC414FF4AF7001532DB904F19E0130468B
:10D2F000FEF71AFB054694F8A20070B9A320005D62
:10D3000058B994F89E000007000E84F8A2009F20F0
:10D31000005D0007010EA3200155284670BD30B501
:10D3200002460B46002011464FF42D74645A0CB986
:10D330006FF00E0038B94B614FF42D74645A5C43A2
:10D340004FF4D6756C5030BD10B502460020134620
:10D350004FF4D474E15210BD10B5024600201346BC
:10D360004FF4D374E15210BD2DE9FF4F87B004464E
:10D37000894692464FF00008274607F5B27006909E
:10D3800020300590183004901830039007F5E475AC
:10D3900007F1A40607F5397B87F801901498F86027
:10D3A000159838611698786103212046FFF76FFBC6
:10D3B000B9F1070F5AD008DCB9F1070F74D2DFE8D2
:10D3C00009F09E19232D37414B00B9F1240F77D076
:10D3D00009DCB9F1080F53D0B9F1110F5AD0B9F1E6
:10D3E000120F61D162E0B9F1250F74D0B9F1260FA7
:10D3F000F7D17AE0CDE90056DDE90332DDE9051029
:10D40000FFF79BFD80467DE0CDE90056DDE9033264
:10D41000DDE90510FFF78CFE804673E0CDE900568C
:10D42000DDE90332DDE90510FFF724FE804669E0FF
:10D43000CDE90056DDE90332DDE90510FFF744FED2
:10D4400080465FE0CDE90056DDE90332DDE90510F5
:10D45000FFF754FE804655E0CDE90056DDE9033282
:10D46000DDE90510FFF78EFE80464BE0CDE9005662
:10D47000DDE90332DDE90510FFF7D8FE804641E023
:10D48000CDE90056DDE90332DDE90510FFF7A4FE22
:10D49000804637E0CDE90056DDE90332DDE90510CD
:10D4A000FFF70CFD80462DE029E009E0CDE90056AC
:10D4B000DDE90332DDE90510FFF718FD804621E0C4
:10D4C0008DE86008DDE90332DDE90510FFF7D8FCDF
:10D4D000804617E0FFE78DE86008DDE90332DDE90B
:10D4E0000510FFF7AFFC80460CE08DE86008DDE931
:10D4F0000332DDE90510FFF787FC804602E06FF09C
:10D50000030800BF00BFB8F1000F04D10698A0F8CF
:10D5100000A0A7F818A0B8F1000F06D12046DDE959
:10D5200014230A9900F022F88046B8F1000F04D1C4
:10D5300020461699FFF7F3FE804640460BB0BDE843
:10D54000F08F7CB506460D4600242CB96A460521AD
:10D550002846FFF7DEF8044634B905236A468321DE
:10D560003046FDF7BFFD044620467CBD2DE9FC4753
:10D5700005460E46174698464FF000092C464FF4D4
:10D58000AF70005B08B96FF00E09B9F1000F12D14E
:10D59000A660E760C4F8108004F5CE7004F5C2718F
:10D5A000CDE900104FF4AF70035B42463946304678
:10D5B000FDF734FE81464846BDE8FC872DE9F04181
:10D5C00005460C4600272E462178607806F2C312E5
:10D5D000FEF795F8E178A07806F5E272FEF7B4F868
:10D5E0003846BDE8F08130B50246002013464FF4BE
:10D5F000B074E45C04F0030404EB8104E5B24FF47E
:10D60000B074E55430BD70B50446002625464FF48D
:10D61000E670405D00F00F0040F080014FF4E670CE
:10D62000415505F5E4712046FFF78BFF06464FF4A0
:10D63000E670405D00F00F014FF4E67041550321A4
:10D640002046FFF724FA40F2E520405D012802D190
:10D650002046FFF710FB304670BD10B50246002093
:10D66000134603F12C014FF4E674E45C04F0F0047B
:10D6700044B903240C7000244C7002248C700024E4
:10D68000CC702AE04C78FF2C02D180244C7002E050
:10D690004C78641C4C708C7884F002048C700C788C
:10D6A000032C02D0042C0ED108E0CC7884F00104C5
:10D6B000CC7001244C7004240C700DE0CC7884F004
:10D6C0000104CC7008E003240C7000244C70022488
:10D6D0008C700024CC7000BF00BF10BD10B5024696
:10D6E0000020134603F12C014FF4E674E45C04F0CF
:10D6F000F00444B903240C7100244C7102248C7191
:10D700000024CC713FE04C79FF2C02D180244C7175
:10D7100002E04C79641C4C718C7984F002048C71A9
:10D720000C79032C06D0062C14D0072C17D0082C0B
:10D730001FD117E04FF4E374E45C04F00204002C02
:10D7400002DD06240C7101E008240C7100244C71E8
:10D75000CC7117E000244C7108240C7112E00824ED
:10D760000C710FE0CC7984F00104CC7108240C71A9
:10D7700008E003240C7100244C7102248C710024F5
:10D78000CC7100BF00BF10BD0FB4054B10B503A98D
:10D79000044A029800F084FC10BC5DF814FB000001
:10D7A00081F70008700100240FB4084B10B504A9DC
:10D7B00002AA039800F074FC044602A9002001F0BC
:10D7C00006F8204610BC5DF814FB0000CFE7000807
:10D7D00003B401984100009850EAC12018BF04200A
:10D7E0004A0D18BF40F0010040F2FF72B2EB515FEA
:10D7F00008BF40F00200012808BF052002B07047B2
:10D8000002480068C0F30220704700000CED00E001
:10D8100010B5002804DB0A07130E054A135406E06E
:10D820000A07140E034A00F00F031B1FD45410BD47
:10D8300000E400E018ED00E0EFF305807047000021
:10D8400070B56B482DED020B2DED0A8B82B00D9D4E
:10D8500025F000449FED68BB9FED699B84422EDB61
:10D86000A4F140510C98A1F17F6108430FD06648A4
:10D87000844202DC18D10C98B0B19DED0C0B02B0C3
:10D88000BDEC0A8B02B0BDE8704000F012BB9DED0C
:10D890000C0B9DED0C1B20EE0B0B01EE090B02B0E7
:10D8A000BDEC0A8B02B070BD012000F031FB02B06C
:10D8B000BDEC0A8B02B0BDE8704000F001BB5348DC
:10D8C0009FED538B844230DA9DED0C0BB4F1795F00
:10D8D0000ADA51EC100BFFF77BFF042808BF00F0B9
:10D8E000FBFA9DED0C0BDAE720EE009B4A4806217F
:10D8F000B0EE490B784400F0A4FA20EE09AB47489B
:10D90000B0EE490B0421784400F09BFA09EE008B3D
:10D910008AEE080B8DED000B9DED0C0B9DED0C1BA5
:10D920009DED002B01EE020BB9E79DED0C0B51ECC8
:10D93000100B01F019FF41EC100B9FED391B3A4819
:10D9400038EE400B06218DED000B20EE01ABB0EE62
:10D950004A0B784400F075FA20EE0ACB3348B0EE5B
:10D960004A0B0421784400F06CFA0AEE008B51EC6B
:10D970001A0B04F081FA41EC110B2D489FED2E2B70
:10D98000A0420EDC8CEE080B8DED000B9DED003BF4
:10D99000B0EE410B01EE030B10EE029B3BEE490B88
:10D9A00021E08DED001B002000909DED000B9DED12
:10D9B000003B00EE43AB31EE000B21EE021B8AEE82
:10D9C000003B8CEE080B03EE429B9DED003B11EEFD
:10D9D000009B9FED1B1BB0EE410B03EE420B39EE9B
:10D9E000400B31EE400B002DD8BFB1EE400B56E797
:10D9F0000000F03F00000000182D4454FB21F93FC7
:10DA0000075C143326A6913C0000F07F0000E03F45
:10DA1000000000000000F03F58670000766700003B
:10DA2000000000000000E03FFA66000018670000F8
:10DA30003333EF3F00000000000000000000004012
:10DA4000182D4454FB21E93F70B565482DED020BBC
:10DA50002DED048B059D25F00044A04218DC6148A3
:10DA6000844202DC0AD1049840B19DED040BBDEC68
:10DA7000048B02B0BDE8704000F01BBA002DCCBF93
:10DA80009FED590B9FED5A0BBDEC048B02B070BD9E
:10DA90005948A04215DD5948A042D8BF4FF0FF3485
:10DAA00055DD9DED040B51EC100BFFF791FE0428A2
:10DAB00008BF00F011FA9DED040BBDEC048B02B021
:10DAC00070BD9DED040B51EC100B01F04DFECDE946
:10DAD00004014B489FED4C0BA0421CDD4C48A0427A
:10DAE0000BDD9DED042B00249FED4B1B12EE010B73
:10DAF00032EE011B80EE012B27E09DED041B9DED16
:10DB0000042B012431EE401B32EE000B81EE002B82
:10DB10008DED042B1BE04248A0420FDD9DED042B50
:10DB200002249FED411B9DED043B32EE412B03EEA1
:10DB3000010B82EE001B8DED041B08E09DED040B34
:10DB40009FED3B1B032481EE002B8DED042B9DEDFF
:10DB5000040B3948062120EE009B29EE098BB0EE1C
:10DB6000480B784400F06DF920EE099B3348B0EE85
:10DB7000480B0521784400F064F920EE080B002CD6
:10DB80000BDA9DED042B39EE001B9DED040BBDEC73
:10DB9000048B02B002EE410B70BD2948784439EE87
:10DBA000000B00EBC4009DED042B90ED001B2548FD
:10DBB00012EE001B9DED040B31EE400B784400EBA0
:10DBC000C400002D90ED001B31EE400BB8BFB1EE4C
:10DBD000400BBDEC048B02B070BD000000000000E3
:10DBE000000010440000F07F182D4454FB21F93F41
:10DBF000182D4454FB21F9BF0000DC3F0000203EFB
:10DC00000000F33F00000000000000000000F03FB3
:10DC10000000E63F0000000000000000000000409F
:10DC20000080034000000000000000000000F83FFA
:10DC3000000000000000F0BFA26500006865000061
:10DC400020650000E064000070B55F4E2DED040B10
:10DC50002DED028B82B0DDF81CC0DDE905235C42AE
:10DC60002CF000411C4341EAD474049D22F0004092
:10DC7000B44205D86C422C4340EAD474B4420BD968
:10DC80009DED061B9DED040B02B0BDEC028B04B0B4
:10DC9000BDE8704000F010B9ACF14054A4F17F64CD
:10DCA0001C430BD0022404EAAC7444EAD27405434A
:10DCB0009FED478B9FED482B0DD016E09DED040B9B
:10DCC00051EC100B00F0E8FD41EC100B02B0BDEC84
:10DCD000028B04B070BD002C14BF012C9DED040B11
:10DCE000F4D0022C2ED0032C2FD00B439FED3C1BE5
:10DCF0009FED3D0B0AD0B1421DD1B04209D121F0B8
:10DD0000804120F080400791059014E0002ADDDA80
:10DD100015E0374B7B44002C08BF93ED000BD5D0AA
:10DD2000012C04BF93ED000BB1EE400BCED0022CC2
:10DD300008D0032C09D0B0420AD1002AC6DAB0EECE
:10DD4000410BC3E7B0EE480BC0E7B0EE420BBDE7B6
:10DD5000401A00153C28C8BF8DED000B17DCBCF144
:10DD6000000FBEBF10F13C0F9FED230B8DED000B9C
:10DD70000DDB9DED041B9DED062B81EE020B51EC9E
:10DD8000100B01F0F1FC00F087FDCDE90001002C43
:10DD900008BF9DED000B99D0012C0CD09DED001B10
:10DDA0009FED170B022C31EE400B0CBF38EE400BF1
:10DDB00030EE480B8AE7019880F0004001909DED1D
:10DDC000000B83E7000000000000F07F000000006F
:10DDD000182D4454FB210940182D4454FB2109C03F
:10DDE000182D4454FB21F9BF182D4454FB21F93F51
:10DDF000206400000000000000000000000000009F
:10DE0000075C143326A6A13C10B52DED028BB1EEB4
:10DE1000C08A18EE100A20F00040C0F1FF40C00F89
:10DE20000AD010EE100A20F00040C0F1FF40C00FF1
:10DE300004BF012000F06CF8B0EE480ABDEC028B84
:10DE400010BD491E00EBC102B0EE401B92ED000B6D
:10DE500031F006020DD0491E00EBC102B0EE403B8E
:10DE600092ED002B31F00602B0EE420B03EE010BF7
:10DE7000F1D1022914D004290AD0062918BF70470D
:10DE800090ED0A2B00EE012B90ED080B02EE010B3A
:10DE900090ED062B00EE012B90ED040B02EE010B32
:10DEA00090ED022B00EE012B90ED000B02EE010B2A
:10DEB000704730EE000B704730EE010B70470000EA
:10DEC0009FED031B81EE010B704700000000000076
:10DED00000000000000000009FED030B20EE000B8F
:10DEE000704700000000000000000000000000106B
:10DEF00002E008C8121F08C1002AFAD17047704713
:10DF0000002001E001C1121F002AFBD17047000070
:10DF10000149086070470000740100242DE9FF5F8B
:10DF200082B00021DDE90430020DDDF840B003438A
:10DF300018D044F61050A2F2FF3242431514119843
:10DF400001281FD0A5EB0B00401C5FEA000A4FF030
:10DF500000064E4FDFF83891B046504615D5CAF14D
:10DF6000000413E0119801244AA3012801D16FEAAB
:10DF70000B010298119AC0E90031C0E9024206B0D3
:10DF8000BDE8F09FCBF10000DFE704460021404AE6
:10DF9000491842EB0450CDE9001012E0E00707D029
:10DFA00032463B4640464946F2F771FC8046894678
:10DFB00032463B4610461946F2F769FC06460F46C4
:10DFC0006410002CEAD1DDE90401DDE90023BAF197
:10DFD000000F06DAF2F75BFC42464B46F2F757FCBD
:10DFE00005E0F2F7C6FC42464B46F2F7C2FC044697
:10DFF0000E460022284BF2F743FD03D84FF0FF30C6
:10E00000014607E00022254B20463146F2F798FBF7
:10E01000F2F71EFD102409E0002C0ADB0A2200237F
:10E02000F2F7BAF9039B30321A55641E50EA010226
:10E03000F2D1641C039AC4F111031444119A012A09
:10E0400003D0012208430DD10AE0084304D0002088
:10E050004FF0110B119072E7A3EB0B056D1E0DE055
:10E060005B4504DD4FF0000205F1010504E003DA31
:10E070004FF00002A5F10105002AECD00298119999
:10E08000C0E90231C0E9004579E700000000144012
:10E090000000F03F300000000000F0430000E03FCF
:10E0A0002DE9FF4F95B09B468946064600250FE2B5
:10E0B000252877D100242746F84A0121059400E05D
:10E0C000044316F8013F203B01FA03F01042F7D158
:10E0D00030782A2811D06FF02F033078A0F1300269
:10E0E000092A16D8059A44F0020402EB820203EBD7
:10E0F00042021044761C0590EFE759F8042B059274
:10E10000002A03DA504244F40054059044F002041B
:10E11000761C30782E2816D116F8010F44F004042E
:10E120002A280DD06FF02F023078A0F13003092B90
:10E1300009D807EB870302EB4303C718761CF3E704
:10E1400059F8047B761C30786C280FD006DC4C28FC
:10E1500017D068280DD06A2814D104E0742810D094
:10E160007A280FD10DE044F400140AE044F480143E
:10E1700001E044F440147278824202D104F5801424
:10E18000761C761C307866280BD013DC582877D0A4
:10E1900009DC002875D04528F6D04628F4D0472859
:10E1A0001AD19DE118E0632835D0642879D065281C
:10E1B00012D195E1702873D008DC6728F1D0692866
:10E1C0006FD06E280DD06F2806D1B5E073282CD003
:10E1D000752875D0782874D05A46179990476D1CC9
:10E1E00075E1C4F30250022809D003280DD0D9F8F4
:10E1F000001004280DD00D6009F1040967E1D9F879
:10E200000010EA17C1E90052F6E7D9F800100D80B6
:10E21000F2E70D70F0E719F8041B8DF800100020EC
:10E220008DF80100EA46012003E059F804AB4FF0F5
:10E23000FF3061074FF0000102D40DE008F1010149
:10E240008846B9420FDA8045F8DB1AF80810002931
:10E25000F4D108E008F1010188468142FADB1AF89E
:10E2600008100029F6D105985B46A0EB0807214667
:10E270003846179A00F094FA284400EB080507E0A6
:10E280004DE029E10DE01AF8010B5A461799904725
:10E29000B8F10108F7D25B4621463846179A13E1D8
:10E2A00042E00A220092C4F302524FF0000A022A0E
:10E2B00008D059F804CB032A4FEAEC710AD00DE0DC
:10E2C00029E02AE009F1070121F00702F2E802C182
:10E2D000914609E00FFA8CFC4FEAEC71042A03D155
:10E2E0004FFA8CFC4FEAEC71002907DA0A4600214C
:10E2F000DCF1000C61EB02012D2202E0220504D5C5
:10E300002B228DF80420012203E0E20701D0202215
:10E31000F7E7904659E00A2102E010220DE01021B3
:10E320004FF0000A00910BE010224FF0000A44F079
:10E3300004040827009203E008224FF0000A00922C
:10E34000C4F30252022A05D059F804CB0021032A53
:10E3500008D009E009F1070121F00702F2E802C143
:10E36000914605E01FFA8CFC042A01D10CF0FF0C49
:10E370004FF00008220728D5702806D0009B83F0B4
:10E38000100353EA0A0305D00EE040228DF8042062
:10E39000012208E05CEA010206D030228DF8042058
:10E3A0008DF8050002229046009B83F0080353EA93
:10E3B0000A030AD15CEA010201D1620705D53022C5
:10E3C0008DF804204FF001087F1E582804D034A097
:10E3D00003900EA802900DE036A0F9E75346604680
:10E3E000009AF1F7D9FF84460398825C0298401E98
:10E3F000029002705CEA0100F0D1029806A9081AA6
:10E4000000F1200A600702D524F4803400E00127DF
:10E41000574502DDA7EB0A0000E0002000EB0A01EF
:10E42000009005984144401A0590E00306D45B46ED
:10E430002146179A059800F0B3F90544002706E035
:10E4400001A85A46C05D179990476D1C7F1C47452F
:10E45000F6DBE0030CD55B462146179A059800F0E1
:10E460009FF9054404E030205A46179990476D1CE7
:10E470000099481E00900029F5DC08E002980299F6
:10E480005A460078491C0291179990476D1CBAF1C1
:10E490000001AAF1010AF1DC65E100000928010090
:10E4A000303132333435363738396162636465660A
:10E4B00000000000303132333435363738394142CC
:10E4C000434445460000000000F058F90544761C1E
:10E4D000307800287FF4ECAD19B02846BDE8F08F05
:10E4E000620700D4062709F1070222F0070CFCE8B6
:10E4F0000223E14603F000485FEA080C02D00FF265
:10E50000702C0DE05FEA045C02D50FF2682C07E086
:10E510005FEAC47C02D00FF2602C01E0AFF2700C15
:10E520004FF0FF3823F00043CDF850C065280CD0E1
:10E5300006DC452809D046281DD047283DD13DE0BE
:10E54000662818D067287ED138E00021112F01DB22
:10E55000112000E0781CCDE9000106A90EA8FFF704
:10E56000DDFCDDE90F010E9A03910021009207F115
:10E57000010A04914DE04FF000400097CDE90110F1
:10E5800006A90EA8FFF7CAFCDDE90F0203920E9B55
:10E5900011990022DDF80CA00093049211B9791CA6
:10E5A00000EB010AB7EB0A0004D4C0F1FF3007F119
:10E5B000010A0490AAEB0700019044E0012F00DA61
:10E5C00001270021112F01DD112000E03846CDE99F
:10E5D000000106A90EA8FFF7A1FCDDE90F010E9AC4
:10E5E0000391002104910092BA4621070CD40399AB
:10E5F000514500DA8A46BAF1010F05DD009AAAF109
:10E600000101515C302908D0B84202DA10F1040F40
:10E6100006DA0121CDE9011015E0AAF10101E9E7CF
:10E62000002805DC049901440491AAEB000102E0F2
:10E63000411C514500DD8A460499401A401C019056
:10E640004FF000400290200704D40198504501DBB0
:10E65000CDF8048000208DF84F0002980DF14F078F
:10E66000B0F1004F25D02B200E9002984FF00208F9
:10E6700000280CDA404202902D200E9007E00A217B
:10E680000298F1F7E5FF3031029007F8011DB8F16B
:10E690000001A8F10108F2DC02980028EFD1791EF0
:10E6A0000E980870307800F0200040F0450007F820
:10E6B000020D12A8C01B00F107081498007800B1E1
:10E6C000012000EB0A01019801EBE071059841443B
:10E6D000401A401E0590E00306D45B462146179A77
:10E6E000059800F05DF805441498007818B15A4672
:10E6F000179990476D1CE00324D55B462146179A75
:10E70000059800F04DF805441CE00498002807DB4C
:10E71000DDE90301884203DD0098405C179901E0C0
:10E72000179930205A469047049805F10105401C7E
:10E7300004900198401E019004D12E205A4617994A
:10E7400090476D1CBAF10001AAF1010ADDDC05E079
:10E7500017F8010B5A46179990476D1CB8F1000144
:10E76000A8F10108F4DC5B462146179A0598ABE650
:10E770002D0000002B000000200000002DE9F041DA
:10E78000044600251E461746880404D405E0394691
:10E790002020B0476D1C641EF9D52846BDE8F081E5
:10E7A0002DE9F041044600251E469046C80301D5D8
:10E7B000302700E02027880404D505E0414638468C
:10E7C000B0476D1C641EF9D52846BDE8F0810A6883
:10E7D000531C0B6010707047F0B52DED028B83B0A9
:10E7E00006460F460025684600F0D8FF002447E0A3
:10E7F00056F8241057F82420881A002801DB014617
:10E8000000E0414200EE101AB8EEC00ADFED200A27
:10E8100080EE208A684600EB840090ED000AB5EE99
:10E82000C00AF1EE10FA18D0684600EB8400D0ED73
:10E83000000A88EE200AF7EE000A70EE608AB0EE59
:10E84000E80A1448D0ED090AB4EEE00AF1EE10FA35
:10E8500015DD0120A040054311E00E4890ED070AA8
:10E86000B4EEC80AF1EE10FA06DC90ED080AB4EE38
:10E87000C80AF1EE10FA02D20120A0400543641C40
:10E88000032CB5DB284603B0BDEC028BF0BD0000C5
:10E89000000080473034010810B541EC100BFFF741
:10E8A000D3F851EC100B10BD70B52DED0C8B044658
:10E8B0009FED8D0AB0EE40BA00200EE034F8101043
:10E8C00000EE901AF8EE600AB0EE600AF0EE4B0A25
:10E8D00040EE000AB0EE60BA401CFF28EEDD9FED6E
:10E8E000830ACBEE000AB0EE60DAB0EE4D0AFFF715
:10E8F0008BFAB0EE409A7E4890ED000AB5EEC00A61
:10E90000F1EE10FA06D090ED000A39EE400AB0EEB2
:10E91000C00A01E09FED740AF0EE40BA744880ED41
:10E92000009A9FED740AF4EEC0BAF1EE10FA04DD1D
:10E9300071480078BDEC0C8B70BD70487049096857
:10E9400000EB8100C0ED00BA6E486D49096800EB2C
:10E95000810080ED009A6A480068401C072190FB06
:10E96000F1F201FB12006649086067480068072859
:10E9700004DA65480068401C63490860DFED5A8A84
:10E980009FED598A002012E05C4901EB800191ED76
:10E99000000A30EE280AF0EE408A5A4901EB800165
:10E9A00091ED000A30EE080AB0EE408A401C56494C
:10E9B00009688842E8DB544890ED000AB8EEC00AC6
:10E9C000C8EE800AF0EE608A90ED000AB8EEC00A48
:10E9D000C8EE000AB0EE608A9FED4C0AB4EEC08A21
:10E9E000F1EE10FA02D8DFED4A9A15E09FED490AE0
:10E9F000B4EEC08AF1EE10FA02DBDFED3B9A0BE0D9
:10EA00009FED420A78EE400A9FED431A9FED400ABF
:10EA1000F0EE409A40EEC19AF5EEC08AF1EE10FA9F
:10EA200002D89FED31AA0DE09FED3C0AF4EEC08ABA
:10EA3000F1EE10FA02DB9FED36AA03E0B7EE040A0E
:10EA400028EE80AA9FED310AB4EEC08AF1EE10FAEA
:10EA500002D8B7EE000A15E09FED2E0AB4EEC08A88
:10EA6000F1EE10FA02DB9FED200A0BE09FED270A82
:10EA700078EE400A9FED2A1A80EE810AF7EE000A2E
:10EA800030EEC00AB0EE40CAF6EE000AB7EE000A59
:10EA9000F0EE40CA4CEE60CA29EE8C0AF0EE40AAB5
:10EAA0004AEE2CAA9FED1A0AF4EEC0AAF1EE10FA73
:10EAB00003DD9FED170AF0EE40AA1A4890ED000A18
:10EAC000DFED190A20EE200ADFED180A0AEEA00A8F
:10EAD00080ED000A90ED000ABCEEC00A10EE100AAC
:10EAE000C5B2284626E70000000000000000804371
:10EAF000300000240000FA4340000024580900249C
:10EB00003400002474090024380000240000484424
:10EB10000000C84200808944ABAAAA3E0000A0427F
:10EB2000000096433C0000243333333F9A99993ECA
:10EB30002DE9F0410446E07800F0C006E07800F0EE
:10EB40003F05607800F0010098B1EF102846E91702
:10EB500005EB5171C910A5EBC101491C01F0FF087B
:10EB60000B48006820B10A48414602683846904781
:10EB700000BF607800F0080030B10548406818B167
:10EB8000B011034A516888470020BDE8F0810000B9
:10EB9000B009002438B5044664B120208DF8000087
:10EBA00028208DF8010030208DF8020038208DF8E3
:10EBB000030004E0A32204216846F1F761FC6A46E1
:10EBC000042140F69E2002F001FA01F0EBFD38BD71
:10EBD0003EB5044602208DF80000CA208DF80100E1
:10EBE000E3208DF8020009208DF803006A46042115
:10EBF000682002F0EBF9A3208DF8000004F040003B
:10EC000048B1C0208DF80100C8208DF80200C22054
:10EC10008DF8030006E0A3208DF801008DF80200B6
:10EC20008DF8030004F4C07048B1C4208DF80400CE
:10EC3000CC208DF80500C6208DF8060006E0A32044
:10EC40008DF804008DF805008DF80600A3208DF8DE
:10EC500007008DF808008DF809006A460A2140F681
:10EC6000A72002F0B3F904F0030018B120208DF8BA
:10EC7000000002E0D8208DF800006A46012140F62D
:10EC8000B62002F0A3F904F0200018B1012000F032
:10EC9000ADF802E0002000F0A9F804F4C07008B359
:10ECA00004F4807060B1B2208DF800008B208DF8E4
:10ECB0000100B6208DF802009B208DF803000BE0C8
:10ECC000B0208DF8000080208DF80100B4208DF870
:10ECD000020090208DF803006A46042140F6A2202D
:10ECE00002F074F904F0010020B3F8208DF8000060
:10ECF0006A4601214FF40B6002F068F9FA210720FF
:10ED000000F02CFC072000F0F3FB012000F013FCC6
:10ED1000642000F003FD4FF4FA7000F012FDC821EA
:10ED2000304800F0A3FB282000F0BCFB0A2000F0D4
:10ED3000CCFB08E0D8208DF800006A4601214FF492
:10ED40000B6002F043F904F0020018B1D9208DF8ED
:10ED5000000002E0D8208DF800006A46012140F250
:10ED60003D7002F033F904F0040018B1012000F006
:10ED700069F802E0002000F065F804F0100018B116
:10ED80000120FFF707FF02E00020FFF703FF44F038
:10ED900008001549488101F005FD002012498873DB
:10EDA00004F0400018B10846807B801D887304F48D
:10EDB000C07020B10C48807B801D0B49887304F023
:10EDC000140020B10848807B10300749887304F094
:10EDD000030020B10448807B001D03498873002094
:10EDE0003EBD000009E3CA02B00900243EB5044656
:10EDF0006CB10EA1D1E900208968CDE90020029113
:10EE00006A4609214FF4976002F0E0F83EBD0AA27D
:10EE1000D2E900109268CDE9010200916A46092109
:10EE20004FF4976002F0D2F8F0E70000B8AAB38D73
:10EE3000B4980D355D000000B8AAAAAAB088C3C571
:10EE4000C700000038B5044664B1C0208DF800004A
:10EE5000C2208DF80100C4208DF80200C6208DF874
:10EE6000030004E08B2204216846F1F709FB6A469F
:10EE7000042140F6982002F0A9F801F093FC38BD77
:10EE800010B5C8234FF48062024940F6F63001F015
:10EE90001DFB10BD583401082DE9F04F8DB0074619
:10EEA000884615469946DDE9166B0024002030801F
:10EEB0006B49887B5A4605A901F0D4FB18B1601E46
:10EEC0000DB0BDE8F08F6648807A00F0140000288D
:10EED00067D09DF8140000069DF8151040EA014027
:10EEE0009DF8161040EA01209DF81710084328608D
:10EEF0009DF8180000069DF8191040EA01409DF8A1
:10EF00001A1040EA01209DF81B10084368609DF824
:10EF10001C0000069DF81D1040EA01409DF81E10DF
:10EF200040EA01209DF81F100843A8609DF82000CA
:10EF300000069DF8211040EA01409DF8221040EAA9
:10EF400001209DF823100843E86004F11000C4B2CA
:10EF5000286800140190686800140290A8680014E2
:10EF60000390E8680014049001984043029901FB63
:10EF70000100039901FB0100049901FB010ABAF1A8
:10EF8000706F02DBBAF1885F05DD01F00BFC002039
:10EF90003080401E94E7B6F9000040F48070308065
:10EFA00000BF2F48807A00F0400020B305A9601C04
:10EFB000085C095D40EA012000B2A8F8000005A93C
:10EFC000E01C095C05AAA01C105C41EA002000B20C
:10EFD000A8F8020005A9601D095C201D105C41EA2B
:10EFE000002000B2A8F80400A01DC4B2B6F90000C9
:10EFF00040F0080030801A48408900F4C07008B31F
:10F0000005A9601C085C095D40EA012000B2388057
:10F0100005A9E01C095C05AAA01C105C41EA0020BF
:10F0200000B2788005A9601D095C201D105C41EAD2
:10F03000002000B2B880A01DC4B2B6F9000040F0B4
:10F04000700030800648807A00F0030018B105A9EE
:10F050000819FFF76DFD484601F008F800202FE77A
:10F06000B009002470B588B0064601A801F072F915
:10F07000BDF804000021C90341EA5045C4034448D7
:10F08000007A00F0030056F8200005904048007A0E
:10F0900000F0040010B10598404205903C48007A09
:10F0A000C0F3C10056F8200006903948007A00F0FD
:10F0B000200010B10698404206903548007AC0F30F
:10F0C000811056F8200007903148008900F48070C4
:10F0D00010B10798404207900598C117A0FB042380
:10F0E00001FB043100FB0510810041EA927005909C
:10F0F0000698C117A0FB042301FB043100FB051097
:10F10000810041EA927006900798C117A0FB042382
:10F1100001FB043100FB0510810041EA9270079069
:10F120000598000E8DF808000598000C8DF8090070
:10F130000598000A8DF80A000598C0B28DF80B00FA
:10F140000698000E8DF80C000698000C8DF80D0046
:10F150000698000A8DF80E000698C0B28DF80F00D0
:10F160000798000E8DF810000798000C8DF811001C
:10F170000798000A8DF812000798C0B28DF81300A6
:10F1800002AA0C214FF4257001F020FF08B070BDD9
:10F19000B009002430B585B0044616A207CA02ABF8
:10F1A00007C3C82C03DD4FF0FF3005B030BDC820C9
:10F1B00090FBF4F0401E85B2280A8DF80000E8B2FA
:10F1C0008DF801006A46022140F2162001F0FEFE91
:10F1D00010B14FF0FF30E8E702AA0C2140F6C12041
:10F1E00001F0F4FE10B14FF0FF30DEE704488481F7
:10F1F0000020DAE7FEF2ABC4AAF1DFDFBBAFDFDF4E
:10F20000B00900241FB504464848007A00F0030006
:10F2100054F8200001904548007A00F0040010B135
:10F220000198404201904148007AC0F3C10054F86F
:10F23000200002903D48007A00F0200010B10298B2
:10F24000404202903948007AC0F3811054F82000FF
:10F2500003903648008900F4807010B10398404252
:10F2600003903349019880FB0101800F40EA81003F
:10F2700001902F49029880FB0110820042EA9170B0
:10F2800002902B49039880FB0110820042EA9170A2
:10F2900003900198000E8DF800000198000C8DF885
:10F2A00001000198000A8DF802000198C0B28DF8A3
:10F2B00003006A4604214FF4747001F087FE18B110
:10F2C0004FF0FF3004B010BD0298000E8DF8000022
:10F2D0000298000C8DF801000298000A8DF80200D7
:10F2E0000298C0B28DF803006A4604214FF475708D
:10F2F00001F06CFE10B14FF0FF30E3E70398000E11
:10F300008DF800000398000C8DF801000398000AA6
:10F310008DF802000398C0B28DF803006A460421FC
:10F320004FF4767001F052FECCE70000B0090024E3
:10F3300009E3CA0210B586B0044647A000680390EE
:10F3400046A00068029046A00068019045A00068B1
:10F35000009004F0030003A9085C8DF8140003A8D2
:10F36000C4F3C101405C8DF8150003A8C4F38111FA
:10F37000405C8DF8160004F0030002A9085C8DF8CB
:10F38000100002A8C4F3C101405C8DF8110002A86E
:10F39000C4F38111405C8DF8120005AA032140F2EC
:10F3A000264001F013FE18B14FF0FF3006B010BD3B
:10F3B00004AA032140F22A4001F008FE10B14FF0E8
:10F3C000FF30F3E7019805900098049004F00400E2
:10F3D00058B19DF8140040F001008DF814009DF81C
:10F3E000100040F001008DF8100004F0200058B12A
:10F3F0009DF8150040F001008DF815009DF81100F2
:10F4000040F001008DF8110004F4807058B19DF8AF
:10F41000160040F001008DF816009DF8120040F033
:10F4200001008DF8120005AA03214FF4886001F055
:10F43000CDFD10B14FF0FF30B8E704AA032140F230
:10F44000314001F0C3FD10B14FF0FF30AEE7064888
:10F4500004810020AAE700004CCD6C000CC92C00F0
:10F460003656760026466600B0090024F8B50546F3
:10F470000E464FF47A7095FBF0F000FB06F4200E78
:10F480008DF80000200C8DF80100200A8DF8020094
:10F49000E0B28DF803006A4604214FF4AE7001F02B
:10F4A00095FDF8BD38B50446052094FBF0F084B214
:10F4B00020128DF80000E0B28DF801006A460221AA
:10F4C0004FF4AD7001F082FD38BD38B5044605201B
:10F4D00094FBF0F084B220128DF80000E0B28DF8B9
:10F4E00001006A4602214FF4AC7001F06FFD38BD97
:10F4F00038B504460020009004F0010020B19DF8CA
:10F50000000040F03000009004F0020020B19DF8AF
:10F51000000040F00C00009004F0040020B19DF8C1
:10F52000000040F0030000906A4601214FF4A470EF
:10F5300001F04CFD38BD38B50446012C01DA012438
:10F5400002E0042C00DD0424601EC0B200906A4674
:10F55000012140F24F1001F039FD38BDF0B52DED1D
:10F56000028B83B006460F4606F0070010B1B7F5D0
:10F57000C86F05DD4FF0FF3003B0BDEC028BF0BD6E
:10F5800000EE107AB8EE400ADFED5B0A80EE208ACA
:10F5900001A800F0B9FE9DF80400022806D0042856
:10F5A00017D0082828D010284CD138E09FED530AF6
:10F5B00028EE000ABCEEC00A10EE100A84B29FEDDD
:10F5C000500A28EE000ABCEEC00A10EE100A85B2FE
:10F5D0003BE09FED4C0A28EE000ABCEEC00A10EE9C
:10F5E000100A84B29FED480A28EE000ABCEEC00A59
:10F5F00010EE100A85B228E09FED440A28EE000ABA
:10F60000BCEEC00A10EE100A84B29FED410A28EE4B
:10F61000000ABCEEC00A10EE100A85B215E09FED9C
:10F620003D0A28EE000ABCEEC00A10EE100A84B2B1
:10F630009FED390A28EE000ABCEEC00A10EE100A4F
:10F6400085B202E04FF0FF3096E700BF20128DF840
:10F650000800E0B28DF8090028128DF80A00E8B21F
:10F660008DF80B0006F00100A0B102AA02214FF4B0
:10F67000EA7001F0ABFC10B14FF0FF307CE70DF108
:10F680000A0202214FF4927001F0A0FC10B14FF079
:10F69000FF3071E706F00200A0B102AA02214FF488
:10F6A000EC7001F093FC10B14FF0FF3064E70DF106
:10F6B0000A0202214FF4947001F088FC10B14FF05F
:10F6C000FF3059E706F00400A0B102AA02214FF46E
:10F6D000EE7001F07BFC10B14FF0FF304CE70DF104
:10F6E0000A0202214FF4967001F070FC10B14FF045
:10F6F000FF3041E700203FE700004843000080461C
:10F7000000004046000000460000C0450000804563
:10F7100000004045000000450000C04438B50446E4
:10F72000052094FBF0F085B228128DF80000E8B2B5
:10F730008DF801006A4602214FF4EF7001F046FC9B
:10F7400038BD38B50446052094FBF0F085B2281288
:10F750008DF80000E8B28DF801006A4602214FF4EE
:10F76000ED7001F033FC38BD82B0CDE9000121F02D
:10F77000004001909DED000B02B051EC100B704762
:10F7800013B50C464FF0FF33012269460248F7F7E4
:10F79000C1FF00981CBD0000500300247CB5054645
:10F7A0002E494968087801AB04220D21F8F737FC8F
:10F7B00008B107207CBD9DF80700C0F301109DF83B
:10F7C000041001F0E00140EAE1008DF800009DF82E
:10F7D0000700C0F381009DF8051001F0E00140EA48
:10F7E000E1008DF801009DF8070000F003009DF88E
:10F7F000061001F0E00140EAE1008DF8020000246B
:10F8000027E01DF8040030B99FED150A05EB8400D0
:10F8100080ED000A1BE09FED130A05EB840080EDEC
:10F82000000A0BE005EB840090ED000ADFED0E0A04
:10F8300020EE200A05EB840080ED000A1DF804008C
:10F84000401EC0B20DF804000028EBD100BF601CC0
:10F85000C4B2032CD5DB0020ACE700004400002438
:10F86000000000007B14AE3E1D5A843F2DE9F04F8E
:10F8700087B005460C46914601208DF81000002007
:10F880008DF81100FE4A1268917CFD4A526810788A
:10F8900004AB0222F8F769FC20B14FF0FF3007B04B
:10F8A000BDE8F08FC820F3F7F9F900208DF81000BB
:10F8B000F34A1268D17BF24A5268107804AB0122F5
:10F8C000F8F753FC10B14FF0FF30E8E7EC4A12684C
:10F8D0005179EB4A5268107804AB0122F8F745FCE5
:10F8E00010B14FF0FF30DAE7E54A1268917CE44A44
:10F8F0005268107804AB0122F8F737FC10B14FF0D2
:10F90000FF30CCE7DE4A1268D17DDD4A52681078BC
:10F9100004AB0122F8F729FC10B14FF0FF30BEE72D
:10F92000D74A12681179D64A5268107804AB01227E
:10F93000F8F71BFC10B14FF0FF30B0E70C208DF84A
:10F940001000CF4A12681179CD4A5268107804AB82
:10F950000122F8F70AFC10B14FF0FF309FE70F20AB
:10F96000F3F79CF9C648806A407A8DF81000C44AC3
:10F9700012689178C24A5268107804AB0122F8F7F5
:10F98000F4FB10B14FF0FF3089E7BD48806A007A80
:10F990008DF81000BA4A12685178B94A5268107846
:10F9A00004AB0122F8F7E1FB10B14FF0FF3076E72E
:10F9B000B9F1000F07D0B248806A807A40F0E000C9
:10F9C0008DF8100004E0AE48806A807A8DF810004F
:10F9D000AB4A12689179AA4A5268107804AB0122A6
:10F9E000F8F7C3FB10B14FF0FF3058E7B9F1000F43
:10F9F00007D0A348806AC07A40F0E0008DF810007C
:10FA000003E0A048C07A8DF810009D4A1268D179B1
:10FA10009B4A5268107804AB0122F8F7A6FB10B19C
:10FA20004FF0FF303BE7B9F1000F02D0C820F3F7E9
:10FA300035F940208DF81000914A12681179904AEA
:10FA40005268107804AB0122F8F78FFB10B14FF029
:10FA5000FF3024E778208DF81000894A1268517928
:10FA6000874A5268107804AB0122F8F77EFB10B188
:10FA70004FF0FF3013E783498889F3F70FF900202F
:10FA80008DF810007E4A126851797D4A52681078CC
:10FA900004AB0122F8F769FB10B14FF0FF30FEE62E
:10FAA000774A1268917A764A5268107804AB02223B
:10FAB000F8F7B5FA10B14FF0FF30F0E69DF81100FD
:10FAC0009DF8101040EA012B0C209BFBF0F0C6B211
:10FAD0000020A86068602860A060606020608246A6
:10FAE00065E0674A1268D17A654A5268107804ABBB
:10FAF0000C22F8F794FA10B14FF0FF30CFE69DF8E2
:10FB000011009DF8101040EA012000B2ADF8080085
:10FB10009DF813009DF8121040EA012000B2ADF8E4
:10FB20000A009DF815009DF8141040EA012000B26B
:10FB3000ADF80C00BDF90810206808442060BDF93C
:10FB40000A10606808446060BDF90C10A0680844A1
:10FB5000A0609DF817009DF8161040EA012000B241
:10FB6000ADF800009DF819009DF8181040EA01203A
:10FB700000B2ADF802009DF81B009DF81A1040EA93
:10FB8000012000B2ADF80400BDF900102868084457
:10FB90002860BDF90210686808446860BDF9041067
:10FBA000A8680844A8600AF1010000F0FF0AB24505
:10FBB00097DB3448D0F800C02868C117090441EA2F
:10FBC00010410704624600233846F0F716FC32461F
:10FBD0000023CDE90201F0F710FC28602948D0F895
:10FBE00000C06868C117090441EA10410704624671
:10FBF00000233846F0F701FC32460023CDE902012C
:10FC0000F0F7FBFB68601F48D0F800C0A868C11778
:10FC1000090441EA10410704624600233846F0F720
:10FC2000ECFB32460023CDE90201F0F7E6FBA860C9
:10FC30001448D0F804C02168C817000440EA1148ED
:10FC40000F046246002338464146F0F7D6FB3246A1
:10FC50000023CDE90201F0F7D0FB20600948D0F87D
:10FC600004C06068C117090441EA104107046246F4
:10FC700000233846F0F7C1FB3246002304E00000C1
:10FC80004400002430340108CDE90201F0F7B5FB4F
:10FC900060601148D0F804C0A068C117090441EAA7
:10FCA00010410704624600233846F0F7A6FB3246AF
:10FCB0000023CDE90201F0F7A0FBA060A0680028B6
:10FCC00004DDA068A0F58030A06003E0A06800F526
:10FCD0008030A0600020E2E530340108F0B52DED61
:10FCE000048B81B006460F4600253E4949680878D6
:10FCF0006B4603220D21F8F792F920B1072001B0DD
:10FD0000BDEC048BF0BD9DF8000000F01F008DF8E5
:10FD100000009DF8010000F01F008DF801009DF823
:10FD2000020000F01F008DF80200002455E056F894
:10FD3000241057F82420881A002801DB014600E02F
:10FD4000414200EE101AB8EEC00ADFED270A80EE3D
:10FD5000208A1DF8040068B3244890ED000AB8EE2C
:10FD6000400ADFED230A80EE801AF0EE418A05E0BA
:10FD70009FED200A28EE800AF0EE408A1DF804006C
:10FD8000401EC0B20DF804000028F1D188EE280A08
:10FD9000F7EE000A30EE609AB0EEC90A1348D0EDD3
:10FDA000060AB4EEE00AF1EE10FA15DD0120A040DB
:10FDB000054311E00D4890ED040AB4EEC80AF1EED7
:10FDC00010FA06DC90ED050AB4EEC80AF1EE10FA5E
:10FDD00002D20120A0400543641C032CA7DB284667
:10FDE0008DE7000044000024000080473034010803
:10FDF00000B04C4554E3853F10B50446204600F062
:10FE00000FF80346E01C00F00BF843EAC00083B291
:10FE1000A01D00F005F843EA801083B2184610BD1B
:10FE2000014691F90020002A01DD00201EE091F931
:10FE30000020002A01DA042018E091F90120002AAC
:10FE400001DD012012E091F90120002A01DA0520EC
:10FE50000CE091F90220002A01DD022006E091F970
:10FE60000220002A01DA062000E007207047000087
:10FE7000F8F750F8F3F70AFBF9F7DEF9F8F726FE82
:10FE8000F8F772FAF8F73CFBF8F720FCF8F78AFC71
:10FE9000F8F79CF9F8F750FCF8F764FBF8F704FB67
:10FEA000F8F7C6FB00BF5648006800F4003000B108
:10FEB00039E000BF00BF00BFBFF34F8F00BF00BFDE
:10FEC00000BF00BF00BF00BFBFF36F8F00BF00BF08
:10FED00000BF00204B49086000BF00BF00BFBFF358
:10FEE0004F8F00BF00BF00BF00BF00BF00BFBFF308
:10FEF0006F8F00BF00BF00BF4148006840F4003072
:10FF00003F49086000BF00BF00BFBFF34F8F00BF75
:10FF100000BF00BF00BF00BF00BFBFF36F8F00BFB7
:10FF200000BF00BF00BF00BF354B1B6803F4803328
:10FF300003B148E00023324C7034236000BF00BF9F
:10FF400000BFBFF34F8F00BF00BF00BF231F186863
:10FF5000C0F34E3100BFC0F3C90200BF43F6E073E7
:10FF600003EA41134FF0404404EA82742343254CD2
:10FF70001034236000BF00BF131EA2F10102EDD1B7
:10FF80000B1EA1F10101E6D100BF00BF00BFBFF30E
:10FF90004F8F00BF00BF00BF194B1B6843F4803375
:10FFA000174C236000BF00BF00BFBFF34F8F00BFDF
:10FFB00000BF00BF00BF00BF00BFBFF36F8F00BF17
:10FFC00000BF00BF00BFF1F783F8F8F705FF0EA0F0
:10FFD000FDF7DAFBF7F7C9FF00F050F918B119A0E7
:10FFE000FDF7D2FB02E01CA0FDF7CEFBF1F77CF899
:10FFF00001F03CF8F8F73AF901F04EF800BFFEE7DF
:020000040801F1
:1000000014ED00E050EF00E04672656552544F5326
:100010002076657273696F6E3A2073696D756C61D5
:1000200074656420617474656E74696F6E202D3E12
:1000300020736572766F20736D6F6F7468696E6779
:100040002E0D0A00444D5020696E69742066616966
:100050006C6564210D0A0000444D5020696E69747E
:1000600020737563636573732E0D0A00704700007B
:1000700070B50446002624F00104184890F82400C6
:1000800008B1002070BD1548807A10B94FF0FF30DC
:10009000F8E71248057C807A204010490874084629
:1000A000007CA04202D04FF0FF3600E0002614B9D9
:1000B0000A48007D18B1012001F096FE02E0002000
:1000C00001F092FE3CB100F06DFB20B103480574D5
:1000D0004FF0FF30D6E73046D4E70000440000245C
:1000E00070B52DED048B8EB004460D461646B7EE66
:1000F000000AF0EE409A9FED5D0AB0EE408A9FED57
:100100005B0AF0EE408A9FED590AB0EE409A07A8CC
:1001100008A90DAB03AACDE9001009A90BA8FEF7A9
:10012000BBFE20B101200EB0BDEC048B70BDBDF84C
:10013000200000F4807000287ED09DED030AB8EE08
:10014000C00ADFED4B0A80EE201AF0EE419A9DEDD9
:10015000040AB8EEC00ADFED460A80EE201AB0EEBF
:10016000418A9DED050AB8EEC00ADFED410A80EE36
:10017000201AF0EE418A9DED060AB8EEC00ADFEDC6
:100180003C0A80EE201AB0EE419AB8EE001A28EE32
:10019000011A21EE091AF0EE001A69EEA11A01EE19
:1001A000A81AB7EEC11AB0EE410BFDF749FB9FED5F
:1001B000311B20EE010BB7EEC00B84ED000AB8EE48
:1001C000002A28EE022A22EE082AF0EE002A68EE23
:1001D000A22A02EEE82AF7EE002A32EE222AB7EE31
:1001E000C22AB0EE421BB0EE002A28EE822A22EE8E
:1001F000092AF0EE002A69EEA22A02EE882AB7EE5A
:10020000C22AB0EE420BFDF71FFD9FED1A1B20EE38
:10021000010BB7EEC00B85ED000A29EEA92A08EE06
:10022000082A08EEE82A09EE492AB7EEC22AB0EEFB
:10023000421B28EE282A00E014E009EE892AF0EE9D
:10024000002A22EE222AB7EEC22AB0EE420BFDF7B8
:10025000FBFC9FED081B20EE010BB7EEC00B86EDFB
:10026000000A01E002205EE700205CE700000000D9
:100270000000804E6666666666A64C4070B5002437
:10028000F7F7BAFC782000F039FEC4B20CB10120B7
:1002900070BD7820FFF7ECFEC4B20CB10220F7E786
:1002A000642000F0DDFDC4B20CB10320F0E7FEF7DE
:1002B000E7FDC4B20CB10420EAE71248FFF79CFD49
:1002C0000546FFF737F8C4B20CB10520E0E740F26D
:1002D0007310FEF77DFCC4B20CB10620D8E7642091
:1002E000FEF758FFC4B20CB10720D1E701F02EFD94
:1002F0000446012000F0B0FCC4B20CB10920C7E7ED
:100300000020C5E77000002401461148407A30B152
:10031000012807D0022808D003280CD108E00220C9
:1003200008700BE00420087008E00820087005E061
:100330001020087002E04FF0FF30704700BF044803
:10034000C07C18B108784006000E08700020F4E761
:100350004400002401461348407A30B1012808D0F7
:1003600002280AD0032810D10BE04FF48040088007
:100370000EE041F69C7008800AE04FF4805008803F
:1003800006E04FF40060088002E04FF0FF30704755
:1003900000BF0448C07C10B10888401008800020CD
:1003A000F5E700004400002401460248007C087084
:1003B000002070474400002401460F48007A30B105
:1003C000012807D0022809D003280FD10AE0FA201B
:1003D00008800EE04FF4FA7008800AE04FF47A705B
:1003E000088006E04FF4FA60088002E000200880F0
:1003F00000BF00BF0020704744000024014612489F
:10040000007A30B1012809D002280CD0032814D179
:100410000EE09FED0E0A81ED000A11E09FED0C0A3F
:1004200081ED000A0CE09FED0B0A81ED000A07E068
:100430009FED090A81ED000A02E04FF0FF3070479E
:1004400000BF0020FBE7000044000024000003433D
:100450000000834233330342333383410146124861
:10046000C07A082817D2DFE800F01704070A0D1039
:100470001318BC20088013E06220088010E02A20B6
:1004800008800DE0142008800AE00A20088007E0B8
:100490000520088004E000BF00BF0020088000BFE6
:1004A00000BF0020704700004400002401460648B9
:1004B00090F8240010B14FF0FF3070470248C08917
:1004C00008800020F9E70000440000242DE9F043F3
:1004D00085B005460E4690469946294890F8250075
:1004E00020B14FF0FF3005B0BDE8F08316B94FF0F2
:1004F000FF30F8E7002423E0281B102801DD10203E
:1005000000E0281B87B232193946204600F05EFD14
:1005100010B14FF0FF30E6E701AA3946204600F05F
:1005200001F910B14FF0FF30DDE730193A4601A96B
:10053000EFF7BFFF10B16FF00100D4E7E01984B20C
:10054000AC42D9DB4FEA28208DF8000008F0FF000C
:100550008DF801000A4A1268917E094A52681078A3
:100560006B460222F7F701FE10B14FF0FF30BAE7F9
:100570000121034880F82510A0F826900020B2E75A
:100580004400002438B50446282C02DD4FF0FF302B
:1005900038BDDCB9002000F0EBFB00208DF8000036
:1005A00007208DF801002E4A1268917C2C4A52686F
:1005B00010786B460222F7F7D8FD10B14FF0FF30EC
:1005C000E6E70021264801750020E1E7012000F060
:1005D000CFFB20208DF80000012C06D100208DF8E3
:1005E0000100052000F0FAFB17E0052C06DC0120D5
:1005F0008DF80100052000F0F1FB0EE0142C06DC64
:1006000002208DF801000A2000F0E8FB05E003203D
:100610008DF80100142000F0E1FB9DF80100072196
:1006200001EB8010C0B28DF801000D4A1268917C78
:100630000B4A526810786B460222F7F796FD10B10C
:100640004FF0FF30A4E708210548817200210173B3
:10065000012101750020FFF70BFD002098E7000045
:1006600044000024F8B504460F4616462C4890F87E
:10067000240010B94FF0FF30F8BD2948807A10B936
:100680004FF0FF30F8E7264A1268917A244A526800
:1006900010786B460222F7F7C2FC10B14FF0FF3022
:1006A000EAE79DF801009DF8001040EA0125A54207
:1006B00003DA00203070401EDEE7194840684088A9
:1006C000B5EB600F17DD164A1268517C144A526868
:1006D00010786B460122F7F7A2FC10B14FF0FF3003
:1006E000CAE79DF8000000F0100020B100F05AF8B1
:1006F0006FF00100C0E7E2B2094B1B68D97A084BE2
:100700005B6818783B46F7F78AFC10B14FF0FF3072
:10071000B2E795FBF4F0401E30700020ACE700001B
:1007200044000024F8B504460D46164616B94FF0AD
:10073000FF30F8BD1A48807A10B94FF0FF30F8E763
:1007400020128DF80000E0B28DF801009DF8010044
:100750002844134949684989884202DD4FF0FF3037
:10076000E7E70F4A1268117E0D4A526810786B460F
:100770000222F7F7FAFC10B14FF0FF30D9E7EAB2E6
:10078000074B1B68597D064B5B6818783346F7F7B3
:1007900046FC10B14FF0FF30CBE70020C9E7000066
:1007A0004400002408B57048807A10B94FF0FF303B
:1007B00008BD002000906C4A1268D17B6A4A5268DA
:1007C00010786B460122F7F7D0FC10B14FF0FF30E4
:1007D000EEE7654A12685179634A526810786B46B1
:1007E0000122F7F7C2FC10B14FF0FF30E0E75E4A9C
:1007F000126811795C4A526810786B460122F7F74B
:10080000B4FC10B14FF0FF30D2E7574890F8240005
:10081000002853D00C200090534A12681179524A94
:10082000526810786B460122F7F79FFC10B14FF029
:10083000FF30BDE73220F2F731FAC02000904A487D
:10084000807A00F0010020B19DF8000040F0200007
:100850000090454A12681179434A526810786B46F5
:100860000122F7F782FC10B14FF0FF30A0E73E48BD
:10087000407C10B10220009001E0002000903A4A34
:100880001268D17B384A526810786B460122F7F71C
:100890006CFC10B14FF0FF308AE700200090324A24
:1008A00012685179304A526810786B460122F7F786
:1008B0005CFC002855D04FF0FF3079E70420009011
:1008C000294A12681179284A526810786B46012229
:1008D000F7F74BFC10B14FF0FF3069E72248807CFE
:1008E00020B92148807A00F0010010B94020009022
:1008F00001E0602000901C4A126811791A4A52687F
:1009000010786B460122F7F730FC10B14FF0FF3042
:100910004EE73220F2F7C2F91348407C10B10120B3
:10092000009001E0002000900F4A1268D17B0E4A2F
:10093000526810786B460122F7F717FC10B14FF0A0
:10094000FF3035E7084A12685179074A5268107833
:10095000054B10330122F7F708FC10B14FF0FF30C0
:1009600026E7002024E70000440000242DE9F04F92
:100970008DB083460F4602200C90424890F8240028
:1009800020B1002000F068F9012600E0002603A84D
:10099000FFF712FD05A8FFF7B7FC01A8FFF75EFD02
:1009A00002A8FFF783FD374890F80AA004A8FFF7D4
:1009B000FBFC002407E0002239465846FEF756FFAC
:1009C00000B902E0641C022CF5DB00BF022C01D14F
:1009D000002528E0002407E0012206A909A8FEF767
:1009E00045FF00B902E0641C022CF5DB00BF022CBD
:1009F00001D1002517E006A93846FDF7EDFE00F00D
:100A0000FF0809A95846FFF769F900F0FF0900251A
:100A1000B9F1000F01D145F00105B8F1000F01D186
:100A200045F0020500BFFF2016490872FF21154856
:100A30004172C1724FF6FF71C181FF218172017451
:100A400001210173BDF80C0000F04EF99DF814006F
:100A500000F01AF8BDF8040000F0C0F9BDF8080075
:100A600000F0FEF9504600F049FA9DF81000FFF73B
:100A7000FFFA16B1012000F0EFF828460DB0BDE8EE
:100A8000F08F00004400002438B504461E48807AE8
:100A900010B94FF0FF3038BD022C06D0042C07D01F
:100AA000082C08D0102C0CD108E0002000900BE09E
:100AB0000820009008E01020009005E01820009029
:100AC00002E04FF0FF30E6E700BF0F48407A9DF8A4
:100AD0000010B0EBE10F01D10020DCE70A4A1268F8
:100AE000D179094A526810786B460122F7F73DFB2D
:100AF00010B14FF0FF30CEE79DF80000C110024862
:100B000041720020C7E700004400002438B50446C5
:100B10005048807CA04201D1002038BD002C46D036
:100B20004C4A126811794B4A526810786B46012280
:100B3000F7F775FA10B14FF0FF30EEE79DF80000BF
:100B400020F020000090434A12681179414A52680F
:100B500010786B460122F7F708FB10B14FF0FF3019
:100B6000DBE70320F2F79AF802200090394890F86A
:100B7000220020B19DF8000040F080000090354830
:100B800090F8230020B19DF8000040F03000009064
:100B9000304A1268117D2F4A526810786B46012244
:100BA000F7F7E3FA002851D04FF0FF30B5E7294AB4
:100BB00012681179274A526810786B460122F7F7BC
:100BC0002EFA10B14FF0FF30A7E72248807A00F0EC
:100BD000010028B19DF8000040F02000009004E0E2
:100BE0009DF8000020F0200000901A4A1268117948
:100BF000184A526810786B460122F7F7B6FA10B11E
:100C00004FF0FF3089E70320F2F748F8114890F8D9
:100C1000220010B18020009001E0002000900D48DB
:100C200090F8230020B19DF8000040F030000090C3
:100C3000084A1268117D074A526810786B460122F3
:100C4000F7F793FA10B14FF0FF3066E7014884746C
:100C5000002062E74400002438B50446214890F89B
:100C60002400A04201D1002038BD24B31D4890F8D3
:100C7000250010B94FF0FF30F6E7002001F0B4F87E
:100C80000020FFF743FF1749C88C00F0E9F8002067
:100C900000901449496808786B4601222321F7F730
:100CA00064FA01210F4880F82410012001F09CF81B
:100CB000FFF778FD13E0002001F096F80948007C6A
:100CC00000900849496808786B4601222321F7F70C
:100CD0004CFA0021034880F82410FFF763FD002040
:100CE000C2E700004400002438B504461F48807A5B
:100CF00010B94FF0FF3038BDFA2C09D0B4F5FA7FA7
:100D000009D0B4F57A7F09D0B4F5FA6F0CD108E0B8
:100D1000002000900BE00820009008E010200090D8
:100D200005E01820009002E04FF0FF30E3E700BF3D
:100D30000E48007A9DF80010B0EBE10F01D10020C1
:100D4000D9E70A4A12689179084A526810786B46C6
:100D50000122F7F70AFA10B14FF0FF30CBE79DF808
:100D60000000C010014908720020C4E744000024BC
:100D700038B50446184890F82300A04201D100205D
:100D800038BD14B13020009001E0002000901248DE
:100D9000807C20B19DF8000040F0020000900E48D9
:100DA00090F8220020B19DF8000040F080000090F3
:100DB000094A1268117D084A526810786B46012270
:100DC000F7F7D3F910B14FF0FF30D9E7024880F8B8
:100DD00023400020D4E700004400002438B5044636
:100DE0001E48807A10B94FF0FF3038BDBC2C02DBB2
:100DF0000120009015E0622C02DB0220009010E040
:100E00002A2C02DB032000900BE0142C02DB0420D0
:100E1000009006E00A2C02DB0520009001E006208D
:100E200000900E48C07A9DF80010884201D1002041
:100E3000DBE70A4A12689178084A526810786B46D4
:100E40000122F7F792F910B14FF0FF30CDE79DF88E
:100E500000100248C1720020C7E7000044000024CF
:100E600038B504462448807A10B94FF0FF3038BDB9
:100E7000214890F8240010B14FF0FF30F7E71E48EA
:100E8000007D50B134B1282C04DCE0B2FFF77AFBCE
:100E90000020ECE70020FFF775FB042C01DA0424A6
:100EA00004E0B4F57A7F01DD4FF47A744FF47A7080
:100EB00090FBF4F0401EC0B200900F4A12685178C7
:100EC0000D4A526810786B460122F7F74EF910B1BF
:100ED0004FF0FF30CBE79DF80000401C4FF47A71D3
:100EE00091FBF0F081B20448C1810146C9894810E4
:100EF000FFF774FF0020BAE74400002438B5044629
:100F000004F0700010B10120009005E014B1002041
:100F1000009001E0402000902B4A1268917C2A4A00
:100F2000526810786B460122F7F71FF920B10021B3
:100F300025488172481E38BD9DF8000020F0400110
:100F4000214801730020009004F0400020B99DF872
:100F5000000040F00400009004F0200020B99DF84B
:100F6000000040F00200009004F0100020B99DF84D
:100F7000000040F00100009004F0080020B99DF846
:100F8000000040F0380000900F4A1268D17C0E4AF1
:100F9000526810786B460122F7F7E7F820B100217C
:100FA00009488172481EC6E724B1082C02D00020EF
:100FB000FFF7DEFE04488472002101753220F1F74C
:100FC0006DFE0020B7E7000044000024F8B5044699
:100FD0000D46164616B94FF0FF30F8BD1A48807A14
:100FE00010B94FF0FF30F8E720128DF80000E0B2A2
:100FF0008DF801009DF8010028441349496849898A
:10100000884202DD4FF0FF30E7E70F4A1268117E99
:101010000D4A526810786B460222F7F7A6F810B115
:101020004FF0FF30D9E7EAB2074B1B68597D064BFA
:101030005B6818783346F7F798F810B14FF0FF3037
:10104000CBE70020C9E700004400002470B5054646
:10105000FCF7F2FB10B16FF0050404E0002415B1B9
:10106000284601F031F9204670BD000010B5FCF7AC
:10107000E3FB10B16FF0050409E00648006820B9F1
:10108000012004490860002401E04FF0FF342046AD
:1010900010BD00002001002470B5FCF7CDFB10B19D
:1010A0006FF005041FE011480068012819D100BF46
:1010B000801F0021002804DB0A07130E0C4A13547A
:1010C00006E00A07150E0B4A00F00F031B1FD5544C
:1010D00000BF00BF02200549086001F071F900243B
:1010E00001E04FF0FF34204670BD000020010024D5
:1010F00000E400E018ED00E02DE9FF478046894656
:10110000144600200390FCF797FB00284ED1B8F15D
:10111000000F4BD0802618258246471E44B3206816
:1011200008B1D4F800A0A06900B1A5692DB1382D8F
:1011300003D8207900F0010018B1002004B0BDE808
:10114000F087606908B160698608A06840B1E0680E
:101150005C2805D3206918B1606908B1012708E04F
:10116000A06830B9E06820B9206910B9002700E014
:101170000027012F0CD12169A0684B463246CDE9EA
:10118000005102905146404601F04CFE03900DE0A4
:1011900067B903A8B2B24B465146CDE9005040466C
:1011A00001F00EFE012801D0002003900398C5E74E
:1011B0002DE9F04105460E461648076816480068B6
:1011C000001D00F08EFE681C38B936B11248016867
:1011D000091D124800F0FEFE1AE07C190E48006856
:1011E0004460BC4207D20C480168091D0C480068E5
:1011F00000F0D6FE0CE008480168091D09480068A7
:1012000000F0CEFE08480068844201D2064804601F
:10121000BDE8F081E4000024D0000024281600245A
:10122000D8000024D40000240001002410B5044696
:1012300000F0FEFE24480068401C23490860234853
:10124000006840B9214804600846006801280DD1B3
:1012500000F0FCF90AE01E48006838B91B48006835
:10126000C06AE16A884201D81848046019480068D9
:10127000401C184908600846006860641649E06A26
:101280000968884202D91449E06A0860E16A01EB02
:101290008101124A02EB8100211D00F09BFE00F04B
:1012A000F1FE0B48006868B108480068C06AE16A4E
:1012B000884207D24FF0805009490860BFF34F8F32
:1012C000BFF36F8F10BD0000E0000024D0000024A9
:1012D000EC000024FC000024E80000247811002425
:1012E00004ED00E008B500F0A3FE12480068E8B97C
:1012F000114800F045FE114800F042FE0E4810492A
:1013000008600E480F49086000200F4B0F4A10215B
:1013100000900A2001F04BFA064908600846006870
:1013200020B10BA10348006800F06CFF00F0AAFE9A
:1013300008BD0000140100243C16002450160024AF
:101340000C0100241001002464160024B4160024AB
:10135000546D72510000000010B516E000F068FEF8
:101360000C48C068C468201D00F0BBFD0A48006836
:10137000401E0949086009480068401E0749086086
:1013800000F080FE204600F05FF804480068002866
:10139000E4D110BD14160024E0000024DC00002479
:1013A00070B504460D46206C70B1216CE0680144B4
:1013B000E160D4E90210884201D32168E160284647
:1013C000226CE168EFF74AF870BD2DE9F041044660
:1013D0000F4615464FF00008A66B206C48B92068F0
:1013E00000282CD1A06801F033FE80460020A060C8
:1013F00025E07DB93946226C6068EFF72FF8216C43
:10140000606808446060D4E90101884217D320680D
:10141000606014E03946226CE068EFF71FF8216C39
:10142000E068411AE1602168E068884203D2216CDB
:10143000A068411AE160022D01D106B1761E701C30
:10144000A0634046BDE8F08110B5044694F8590009
:1014500030B9206B00F034FE204600F031FE1AE077
:1014600094F85900012803D1204600F029FE12E02B
:1014700094F85900022801D1012000E0002050B961
:1014800000BF502080F31188BFF34F8FBFF36F8FE1
:1014900000BF00BFFEE710BD0146084A126812688F
:1014A0000AB9012200E000220A600A6822B9034A50
:1014B0001268D268106800E0002070470C01002418
:1014C00030B547F23053174800F007042CB1C01D67
:1014D00020F00700134C041B1B1B0246124C226019
:1014E0000024114D6C60D018083820F007000F4C14
:1014F000206000240D4D2D686C600C4D2D682C6013
:101500001146441A4C60094C24680C60084D4C6824
:101510002C60084D4C682C604FF00044064D2C6048
:1015200030BD00000C1E0024240100242C010024E6
:1015300034010024300100244001002400BFFFF7E3
:101540000BFF064800680128F9D94FF08050044984
:101550000860BFF34F8FBFF36F8FF0E7781100245F
:1015600004ED00E02DE9F04106460D461746984689
:10157000069C0DB9246000E02760E6632564012124
:10158000204601F085F984F84C80BDE8F0812DE912
:10159000F05F82460E4690469B460A9F0C9C4FEA9F
:1015A0008801A522206BEEF76BFFA8F10100216BEB
:1015B00001EB800929F0070909F0070008B90120AB
:1015C00000E0002050B900BF502080F31188BFF325
:1015D0004F8FBFF36F8F00BF00BFFEE786B10025BE
:1015E00007E0715D04F134004155705D00B902E01F
:1015F0006D1C102DF5D300BF00214320015502E0E2
:10160000002084F83400382F00D33727E762E764DE
:1016100000202065201D00F0C0FC04F1180000F03F
:10162000BCFC2461C7F13800A061646200206065E1
:1016300084F858005A465146484600F071FB206035
:101640000B9808B10B980460BDE8F09F10B500241A
:1016500007E004EB84010F4A02EB810000F090FCEC
:10166000641C382CF5D30C4800F08AFC0B4800F0C1
:1016700087FC0B4800F084FC0A4800F081FC0A4813
:1016800000F07EFC044809490860044808490860E5
:1016900010BD000078110024D8150024EC1500249A
:1016A000001600241416002428160024D400002458
:1016B000D800002410B50146164800E00068036811
:1016C0008B42FBD30246436813448B4204D14368E8
:1016D0004C682344436001460A464B68134404683F
:1016E000A34211D10C4C03682468A34208D04B6874
:1016F0000468646823444B6003681B680B6005E062
:10170000054B1B680B6001E003680B60884200D04A
:10171000016010BD240100242C0100242DE9F041BA
:1017200004460D4616461F464FF0000865602461CA
:10173000B5420CD8F01BA169884202D34FF00108D2
:1017400011E0211D0948006800F02AFC0BE0BE42B0
:1017500004D2BD4202D34FF0010804E0211D044829
:10176000006800F01DFC4046BDE8F0811001002437
:101770000C01002470B5054600F05AFCA86B08B9AE
:10178000012400E0002400F07DFC204670BD70B50F
:10179000054600F04DFCA86BE96B884201D101249D
:1017A00000E0002400F06EFC204670BDF8B5054650
:1017B0000F461A480068C068C468201D00F091FBFD
:1017C00094F8280000F00400E8B1A06941192B4604
:1017D0003A462046FFF7A2FFD8B1002003462A462A
:1017E00001460090204601F08FFD064656B900BF25
:1017F000502080F31188BFF34F8FBFF36F8F00BF6E
:1018000000BFFEE705E094F8280020F0010084F80E
:1018100028002046216A8847F8BD00000C010024FA
:10182000F0B587B0A0E00398002811DA04AE56B9ED
:1018300000BF502080F31188BFF34F8FBFF36F8F2D
:1018400000BF00BFFEE7D6E90020B168904700BFA7
:1018500003980028E6DB059C606908B9012000E0D8
:10186000002010B9201D00F03CFB02A800F0DEF8BB
:10187000054603980A2875D2DFE800F00905073904
:10188000416306083A4200BF00BF00BF00BF94F8A2
:10189000280040F0010084F828000498A26981180B
:1018A00003462A462046FFF739FFF8B12046216A51
:1018B000884794F8280000F00400B8B10020009098
:1018C0000498A169421800231946204601F01CFD26
:1018D000074657B900BF502080F31188BFF34F8FE0
:1018E000BFF36F8F00BF00BFFEE700BF3BE000BF4C
:1018F00094F8280020F0010084F8280033E000BFAD
:1019000094F8280040F0010084F828000498A061B1
:10191000A06908B1012000E0002050B900BF5020AC
:1019200080F31188BFF34F8FBFF36F8F00BF00BFED
:10193000FEE7A06941192B462A462046FFF7EEFE36
:1019400011E094F8280000F0020018B9204600F0D9
:10195000B7FB05E094F8280020F0010084F8280087
:1019600001E0FFE700BF00BF002203A904480068B0
:1019700001F02CF900287FF456AF07B0F0BD00004D
:1019800014010024F8B505460C4600F075FD6846C4
:1019900000F04CF80646009820BB44B9B54206D882
:1019A00001F0F4FB31462846FFF700FF1CE03CB194
:1019B0000E480068006808B9012000E000200446D5
:1019C000A91B22460A48006800F032FC01F0DEFB49
:1019D00050B94FF0805007490860BFF34F8FBFF3F5
:1019E0006F8F01E001F0D2FBF8BD00001001002470
:1019F0001401002404ED00E00A490968096809B9E6
:101A0000012100E0002121B14FF0FF31064A1160B1
:101A100006E004490968C968C868034A416811605A
:101A200070470000D40000240001002470B5044673
:101A300001F066FA054607480068854204D200F0C6
:101A40000BF80120206001E00020206001480560C3
:101A5000284670BD1C0100242DE9F84334E02548D8
:101A60000068C068056823480068C068C468201D15
:101A700000F037FA2046216A884794F8280000F0E1
:101A8000040008B3A0694619AE4207D96660246114
:101A9000211D1848006800F083FA15E00020034675
:101AA0002A4601460090204601F02EFC074657B911
:101AB00000BF502080F31188BFF34F8FBFF36F8FAB
:101AC00000BF00BFFEE700BF0A480068006808B911
:101AD000012000E000200028C1D00648D0F8008096
:101AE00005480068034908600348C0F80080BDE865
:101AF000F88300000C010024100100240E48006847
:101B0000401C08B9012000E0002050B900BF50205F
:101B100080F31188BFF34F8FBFF36F8F00BF00BFFB
:101B2000FEE700BF502080F31188BFF34F8FBFF353
:101B30006F8F00BF00BFFEE74401002408B500BF5F
:101B40006846FFF7A9FC044620460099FFF71AFFF4
:101B5000FFF766FEF4E770B5044600F069FA94F901
:101B6000455010E0606A08B9012000E0002038B953
:101B700004F1240001F0BEFA18B100F0DFFB00E030
:101B800003E0681E45B2002DECDC00BFFF2084F8A6
:101B9000450000F077FA00F04BFA94F9445010E059
:101BA000206908B9012000E0002048B904F11000C4
:101BB00001F0A0FA08B100F0C1FB681E45B200E0D8
:101BC00001E0002DECDC00BFFF2084F8440000F0B1
:101BD00059FA70BD2DE9F04104464FF0000800F0BD
:101BE0004BFC4948006808B9FFF76AFC47480068A1
:101BF0002040002870D1D4B1083404F00700B0B1FF
:101C000004F00700C0F10800044404F0070008B91C
:101C1000012000E0002050B900BF502080F311885F
:101C2000BFF34F8FBFF36F8F00BF00BFFEE7002CE5
:101C300052D03748006884424ED8364E3046056848
:101C400001E02E462D686868A04202D2286800286C
:101C5000F7D12D48006885423ED0306800F1080871
:101C6000286830606868001B102819D92F1907F000
:101C7000070008B9012000E0002050B900BF502043
:101C800080F31188BFF34F8FBFF36F8F00BF00BF8A
:101C9000FEE76868001B78606C603846FFF70AFD55
:101CA0001B4968680968081A1949086008460068ED
:101CB00019490968884203D2154800681649086026
:101CC0001249686809680843686000202860134862
:101CD0000068401C1149086001F058FA08F007003C
:101CE00008B9012000E0002050B900BF502080F367
:101CF0001188BFF34F8FBFF36F8F00BF00BFFEE7A8
:101D00004046BDE8F08100002C0100244001002481
:101D1000300100242401002434010024380100246F
:101D2000001F4FF080730360001F21F00103036068
:101D3000001F054B036014380260001F6FF00203A0
:101D40000360203870470000FD1A010810B588B004
:101D500002A905A8FEF70AFE0446032C41D101A8FA
:101D6000FEF74CFB9DED050AB8EEC00ADDED010A59
:101D700020EE200ABDEEC00A8DED050A9DED060A93
:101D8000B8EEC00ADDED010A20EE200ABDEEC00A61
:101D90008DED060A9DED070AB8EEC00ADDED010AD9
:101DA00020EE200ABDEEC00A8DED070A05A8FDF75A
:101DB00029FA6846FEF7CEFABDF8001002984843AB
:101DC0000290BDF80010039848430390BDF800103E
:101DD00004984843049002A8FDF744F9002008B095
:101DE00010BD0120FBE7000038B50446214890F8FB
:101DF0002400C0B114B10220009001E00020009046
:101E00001C4A1268D17B1B4A526810786B4601222B
:101E1000F6F7ABF910B14FF0FF3038BD9DF8001068
:101E20001448417423E01348807A10B94FF0FF3012
:101E3000F3E724B10F48407C08B10020EDE714B16E
:101E40000120009001E0002000900A4A1268D17B36
:101E5000084A526810786B460122F6F786F910B1ED
:101E60004FF0FF30D9E79DF8001002484174002080
:101E7000D3E700004400002400B541EC100B2DED29
:101E8000028B83B0B1EEC08B18EE100A18EE901AD8
:101E90008DED008B002818BF0120084320F0004082
:101EA000C0F17F6000F1E040C00F14D010EE101AB6
:101EB00010EE900A8DED000B002918BF0121084398
:101EC00020F00040C0F17F6000F1E040C00F04BF8F
:101ED0000120FCF71DF851EC180B03B0BDEC028B90
:101EE00000BD01460A69D1E901309860D1E90103DA
:101EF00058605068884201D18868506000200861AD
:101F00001068401E1060106870470000034B0360AB
:101F1000034B0B60802313607047000054170024AC
:101F2000B0170024034B0360034B0B604FF4807326
:101F300013607047B01900240C1A002408B5322031
:101F4000009000BF002269460A48006800F03EFE8B
:101F5000094890ED000AF8EEC00A084890ED000A22
:101F6000B8EEC00A9DF80000EFF72EF9142000F03B
:101F7000ABF9E7E708000024800000247C0000247F
:101F800000F1080141604FF0FF31816000F108016C
:101F9000C16001610021016070470021016170474B
:101FA00010B502460B685C1C0CB9106907E002F121
:101FB000080000E04068446824689C42FAD94468FC
:101FC0004C604C68A160886041600A611468641CC0
:101FD000146010BD42684A6093688B6093685960D2
:101FE0009160086103685B1C036070470EB59FED4C
:101FF0000E0A8DED020A9FED0C0A8DED010A9FED90
:102000000A0A8DED000A00BF6A4601A902A8FEF780
:1020100067F820B99DED010A044880ED000A6420AC
:1020200000F052F9F0E7000000000000000000247A
:1020300000BF502080F31188BFF34F8FBFF36F8F25
:1020400000BF0E480068401C0C4908600846006844
:10205000012812D10A480068C0B208B9012000E086
:10206000002050B900BF502080F31188BFF34F8F7C
:10207000BFF36F8F00BF00BFFEE77047440100242D
:1020800004ED00E00D48006850B900BF502080F317
:102090001188BFF34F8FBFF36F8F00BF00BFFEE704
:1020A00006480068401E054908600846006820B9D7
:1020B000002080F3118800BF00BF70474401002456
:1020C00070B506463546002E44D0083D2C462249C0
:1020D00060680968084008B1012000E0002050B99C
:1020E00000BF502080F31188BFF34F8FBFF36F8F75
:1020F00000BF00BFFEE7206808B9012000E0002013
:1021000050B900BF502080F31188BFF34F8FBFF349
:102110006F8F00BF00BFFEE70F4960680968084085
:10212000C0B12068B0B90C49606809688843606034
:1021300000F0A2F909496068096808440749086085
:102140002046FFF7B7FA06480068401C04490860BB
:1021500001F01CF870BD0000400100243001002493
:102160003C01002400204FF0E0210861886106480E
:1021700000684FF47A71B0FBF1F0401E4FF0E0219F
:1021800048610720086170472000002470B5EEF711
:10219000E9F80446102C16D304F1E02090F8F0532F
:1021A00015480078854201DB012000E0002050B98D
:1021B00000BF502080F31188BFF34F8FBFF36F8FA4
:1021C00000BF00BFFEE70D48006800F4E0600C4966
:1021D0000968884201D8012000E0002050B900BF02
:1021E000502080F31188BFF34F8FBFF36F8F00BF74
:1021F00000BFFEE770BD0000480100240CED00E0C8
:102200004C010024024600200BE0084B53F830300C
:1022100033B9064B43F8301003EBC0035A6002E0B9
:10222000401C0828F1D300BF70470000381100247B
:102230002DE9F04105460E4617462C46FFF7F8FEFD
:1022400094F94400401C10B9002084F8440094F92B
:102250004500401C10B9002084F84500FFF712FF2C
:10226000A06B28B93A46314604F1240000F088F802
:102270002046FFF770FCBDE8F0810000F6F7CAFACF
:1022800000BFF6F7E1FB064802680648016806A0B1
:10229000FBF77AFA4FF4FA7000F016F8F1E7000055
:1022A000800000247C0000244C6566743A20256C74
:1022B00064206D6D2C2052696768743A20256C6427
:1022C000206D6D0D0A00000070B504460025D4B1E4
:1022D0001248006808B9012000E0002050B900BF92
:1022E000502080F31188BFF34F8FBFF36F8F00BF73
:1022F00000BFFEE700F0C0F800212046FEF758FFBF
:1023000000F044FF05463DB94FF080500449086095
:10231000BFF34F8FBFF36F8F70BD00000801002423
:1023200004ED00E003490968016003490968416060
:1023300070470000F8000024E40000240120014957
:1023400008607047F400002470B504460D4654B987
:1023500000BF502080F31188BFF34F8FBFF36F8F02
:1023600000BF00BFFEE70548016818312046FFF7AF
:1023700017FE01212846FEF71BFF70BDD000002488
:1023800070B505460E46144655B900BF502080F37F
:102390001188BFF34F8FBFF36F8F00BF00BFFEE701
:1023A0000648016818312846FFF714FE0CB14FF0BB
:1023B000FF3621463046FEF7FBFE70BDD0000024FC
:1023C00010B586B000200590049003AA04A905A8C2
:1023D000FFF79CFD0022DDE904101346CDE9002142
:1023E00002901EA11F48039A00F01CFD1E490860C0
:1023F0000846006808B1012400E00024012C02D145
:1024000000F046FF0446012C15D100BF502080F398
:102410001188BFF34F8FBFF36F8F00BF4FF0FF30B6
:102420001249086001201249086000201149086023
:1024300000F0C2F810E0601C08B1012000E00020AC
:1024400050B900BF502080F31188BFF34F8FBFF306
:102450006F8F00BF00BFFEE706B010BD49444C457A
:10246000000000003D1501080401002400010024C3
:10247000EC000024E400002402480068401C0149EC
:1024800008607047080100241E48006818B1012048
:102490001D49086034E000201B4908601B480168A2
:1024A0000CE051B900BF502080F31188BFF34F8F6B
:1024B000BFF36F8F00BF00BFFEE7491E01EB810035
:1024C000134A52F8200008B9012000E0002000283B
:1024D000E7D101EB81020E4B03EB820042685268A8
:1024E000426000F108024368934202D14268526898
:1024F00042604268D268074B1A600448016000BF1E
:102500007047000008010024F4000024E8000024C3
:1025100078110024D0000024ADF5876D002400BFA1
:102520004FF0FF320DF583611D48006800F04EFB4F
:102530000128F5D104AB05AA1AA10DF58360EDF7CA
:10254000C5FF02282BD1BDF8140086A921F814007C
:10255000BDF8100006A921F81400601C84B2B4F57F
:10256000807F1CD186A8FCF79FF903909DF80C2072
:102570000EA101A8FBF718F901A8EDF793FF85B2AA
:1025800064232A4601A90A48F5F7C4F800231A462D
:1025900003A90848006800F0C7F9002400BFBFE79E
:1025A000040000242568752C2568750025640A0040
:1025B00078040024080000241CB5524800685249E1
:1025C000884201D0012000E0002050B900BF502017
:1025D00080F31188BFF34F8FBFF36F8F00BF00BF31
:1025E000FEE7484800684849491E884201D001205A
:1025F00000E0002050B900BF502080F31188BFF3E5
:102600004F8FBFF36F8F00BF00BFFEE73F49084603
:1026100000780190FF200A4610700846007800906C
:102620009DF8000000F0F0009DF80020904201D1DC
:10263000012000E0002050B900BF502080F3118835
:10264000BFF34F8FBFF36F8F00BF00BFFEE79DF852
:10265000000000F050002E4A107007202D4A106034
:1026600009E02C480068401E2A4A10609DF80000CE
:102670004006000E00909DF8000000F080008028C9
:10268000EFD024480068C0F10700042801D10120E0
:1026900000E0002050B900BF502080F31188BFF344
:1026A0004F8FBFF36F8F00BF00BFFEE71948006870
:1026B0000002184A10601046008800F4E0601060C4
:1026C000124A019810700F482030006840F47000E2
:1026D0000C49203108600846006840F070400860EE
:1026E000FFF740FD00200C490860EDF703FE0B48A2
:1026F000006840F0404009490860EDF7E7FD002020
:102700001CBD000000ED00E071C20F4100E400E0DC
:10271000480100244C0100244401002434EF00E06F
:1027200010B500BF502080F31188BFF34F8FBFF367
:102730006F8F00BF00F0EAFB18B14FF080500449E2
:10274000086000BF002080F3118800BF10BD0000AA
:1027500004ED00E02DE9F84305460E4617460DB19D
:10276000012000E0002050B900BF502080F3118804
:10277000BFF34F8FBFF36F8F00BF00BFFEE705FBB6
:1027800006F808F15000FFF725FA044664B1A146A7
:1027900009F15009002084F846003B464A4631467C
:1027A00028460094FEF7DEFE2046BDE8F8832DE9BA
:1027B000F84380460E4617461D46DDF82090B8F1D6
:1027C000000F01D0012000E0002050B900BF5020D0
:1027D00080F31188BFF34F8FBFF36F8F00BF00BF2F
:1027E000FEE70DB1012000E0002050B900BF5020ED
:1027F00080F31188BFF34F8FBFF36F8F00BF00BF0F
:10280000FEE707B10EB1012000E0002050B900BF83
:10281000502080F31188BFF34F8FBFF36F8F00BF3D
:1028200000BFFEE707B90EB9012000E0002050B953
:1028300000BF502080F31188BFF34F8FBFF36F8F1D
:1028400000BF00BFFEE7502000900098502801D143
:10285000012000E0002050B900BF502080F3118813
:10286000BFF34F8FBFF36F8F00BF00BFFEE700BF06
:102870002C464CB1012084F846004B463A4631467E
:1028800040460094FEF76EFE2046BDE8F883000047
:1028900070B505460E462C4654B900BF502080F353
:1028A0001188BFF34F8FBFF36F8F00BF00BFFEE7EC
:1028B000FFF7BEFBD4E90F12206801FB0200A06005
:1028C0000020A06320686060E06B401E226C2168DD
:1028D00000FB0211E160FF2084F8440084F8450009
:1028E0009EB9206908B9012000E00020A8B904F1D0
:1028F000100000F0FFFB80B14FF0805009490860E4
:10290000BFF34F8FBFF36F8F07E004F11000FFF7A5
:1029100037FB04F12400FFF733FBFFF7B3FB012083
:1029200070BD000004ED00E02DE9FF4383B00646D2
:1029300088461D464FF00009344654B900BF502068
:1029400080F31188BFF34F8FBFF36F8F00BF00BFBD
:10295000FEE7B8F1000F01D1206C08B9012000E0BA
:10296000002050B900BF502080F31188BFF34F8F73
:10297000BFF36F8F00BF00BFFEE7022D02D1E06BF7
:10298000012801D1012000E0002050B900BF5020F3
:1029900080F31188BFF34F8FBFF36F8F00BF00BF6D
:1029A000FEE700F09DFA08B9059808B9012000E09B
:1029B000002050B900BF502080F31188BFF34F8F23
:1029C000BFF36F8F00BF00BFFEE700BFFFF730FB14
:1029D000A06BE16B884201D3022D28D12A464146E3
:1029E0002046FEF7F2FC0746606A08B9012000E0C5
:1029F000002068B904F1240000F07CFB88B14FF09E
:102A0000805032490860BFF34F8FBFF36F8F08E0EB
:102A10003FB14FF080502D490860BFF34F8FBFF397
:102A20006F8FFFF72FFB012007B0BDE8F0830598FB
:102A300018B9FFF727FB0020F6E7B9F1000F04D122
:102A400001A8FFF76FFC4FF00109FFF71BFBFFF731
:102A500013FDFFF7EDFA94F94400401C10B9002073
:102A600084F8440094F94500401C10B9002084F813
:102A70004500FFF707FB05A901A800F05BF9F0B9D5
:102A80002046FEF784FEA0B104F110000599FFF77F
:102A90005BFC2046FFF75FF800F078FB002895D13B
:102AA0004FF0805009490860BFF34F8FBFF36F8F1D
:102AB0008CE72046FFF74FF800F068FB86E72046DA
:102AC000FFF749F800F062FB0020ADE704ED00E0FD
:102AD0002DE9F84F07468A4690461E463C4654B9B3
:102AE00000BF502080F31188BFF34F8FBFF36F8F6B
:102AF00000BF00BFFEE7BAF1000F01D1206C08B99A
:102B0000012000E0002050B900BF502080F3118860
:102B1000BFF34F8FBFF36F8F00BF00BFFEE7022EE2
:102B200002D1E06B012801D1012000E0002050B962
:102B300000BF502080F31188BFF34F8FBFF36F8F1A
:102B400000BF00BFFEE7FFF721FB00BF5021EFF3FE
:102B5000118081F31188BFF34F8FBFF36F8F00BFD8
:102B60000546A06BE16B884201D3022E25D194F972
:102B700045B0A06B0090324651462046FEF725FC3A
:102B80000BF1010088B9606A08B9012000E000205B
:102B900050B904F1240000F0ADFA28B1B8F1000FEB
:102BA00002D00120C8F8000004E00BF1010040B29F
:102BB00084F845004FF0010901E04FF0000900BF23
:102BC00085F3118800BF4846BDE8F88F2DE9F7412D
:102BD00083B005460E464FF000082C4654B900BF9E
:102BE000502080F31188BFF34F8FBFF36F8F00BF6A
:102BF00000BFFEE70EB9206C08B9012000E00020FC
:102C000050B900BF502080F31188BFF34F8FBFF33E
:102C10006F8F00BF00BFFEE700F062F908B90598AA
:102C200008B9012000E0002050B900BF502080F317
:102C30001188BFF34F8FBFF36F8F00BF00BFFEE758
:102C400000BFFFF7F5F9A76BF7B131462046FEF755
:102C5000A7FB781EA063206908B9012000E00020CE
:102C600060B904F1100000F045FA38B14FF080501F
:102C70002F490860BFF34F8FBFF36F8FFFF702FA42
:102C8000012006B0BDE8F081059818B9FFF7FAF900
:102C90000020F6E7B8F1000F04D101A8FFF742FBCE
:102CA0004FF00108FFF7EEF9FFF7E6FBFFF7C0F979
:102CB00094F94400401C10B9002084F8440094F9B1
:102CC0004500401C10B9002084F84500FFF7DAF9F0
:102CD00005A901A800F02EF8F0B92046FEF74AFD3C
:102CE000A0B104F124000599FFF72EFB2046FEF762
:102CF00032FF00F04BFA0028A3D14FF080500C496E
:102D00000860BFF34F8FBFF36F8F9AE72046FEF73F
:102D100022FF00F03BFA94E72046FEF71CFF00F08C
:102D200035FA2046FEF726FD00288AD00020A8E7C5
:102D300004ED00E070B505460C4655B900BF5020C3
:102D400080F31188BFF34F8FBFF36F8F00BF00BFB9
:102D5000FEE754B900BF502080F31188BFF34F8FB6
:102D6000BFF36F8F00BF00BFFEE7FFF761F91248A6
:102D700002686868131A2068401C08B9002617E02A
:102D80000E4928680968884204D06868904201D8D2
:102D900001260DE02068984207D92068C01A2060FB
:102DA0002846FFF7BFFA002602E000202060012637
:102DB000FFF768F9304670BDE4000024F8000024F5
:102DC0002DE9FF4F85B0804689461746DDE912ABF5
:102DD000B800FEF7FFFE064656B15C20FEF7FAFE8D
:102DE00004460CB1266304E03046FFF769F900E0C1
:102DF00000248CB1002084F85900CDE900ABCDE966
:102E000002403A4649464046089BFEF7C0FB204632
:102E1000FEF70CFA012501E04FF0FF35284609B016
:102E2000BDE8F08F2DE9F04F85B007468846914602
:102E30009A46DDE90EB6109C0EB1012000E000209C
:102E400050B900BF502080F31188BFF34F8FBFF3FC
:102E50006F8F00BF00BFFEE70CB1012000E0002033
:102E600050B900BF502080F31188BFF34F8FBFF3DC
:102E70006F8F00BF00BFFEE75C20039003985C28C3
:102E800001D1012000E0002050B900BF502080F3A4
:102E90001188BFF34F8FBFF36F8F00BF00BFFEE7F6
:102EA00000BFB4B1AEB125462C462E63022085F892
:102EB0005900002004A953464A46CDE900B1CDE9A6
:102EC000025041463846FEF762FB2846FEF7AEF94F
:102ED00001E000200490049805B0BDE8F08F0000E8
:102EE0000549096809B9012005E00449096809B9DB
:102EF000022000E000207047EC00002408010024BC
:102F00000149086870470000E40000242DE9F04101
:102F10004FF000084348006800287BD14248006811
:102F2000451C4148056015BB40480068006808B969
:102F3000012000E0002050B900BF502080F311882C
:102F4000BFF34F8FBFF36F8F00BF00BFFEE737485F
:102F500007683748006835490860354807603548D4
:102F60000068401C33490860FEF746FD00BF324848
:102F7000006885423BD300BF2C480068006808B950
:102F8000012000E0002020B14FF0FF302A49086006
:102F90002CE026480068C068C4686668B54202D262
:102FA0002548066022E0201DFEF79BFFA06A18B1AD
:102FB00004F11800FEF795FF2049E06A096888428D
:102FC00002D91E49E06A0860E16A01EB81011C4AEE
:102FD00002EB8100211DFEF7FDFF1A49E06A096836
:102FE000C96A8842C8D34FF00108C5E700BF154839
:102FF0000068C06A00EB8000114951F820000128E8
:1030000001D94FF001081048006808B14FF00108DD
:1030100005E0FFE70D480068401C0C490860404689
:10302000BDE8F08108010024E4000024D40000245D
:10303000D8000024F800002400010024E800002447
:1030400078110024D0000024F4000024F0000024B3
:1030500070B505462C460026002D43D02248006856
:10306000844201D1012000E0002050B900BF50206F
:1030700080F31188BFF34F8FBFF36F8F00BF00BF86
:10308000FEE7206D50B900BF502080F31188BFF3D8
:103090004F8FBFF36F8F00BF00BFFEE7206D401E54
:1030A0002065E16CE06A88421CD0206DD0B9201DFB
:1030B000FEF717FFE06CE062E06AC0F13800A06143
:1030C0000A49E06A0968884202D90849E06A08604A
:1030D000E16A01EB8101064A02EB8100211DFEF746
:1030E00079FF0126304670BDD0000024E80000249E
:1030F0007811002470B50646F068C46854B900BF62
:10310000502080F31188BFF34F8FBFF36F8F00BF44
:1031100000BFFEE704F11800FEF7E3FE1548006863
:10312000A0B9201DFEF7DDFE1349E06A0968884258
:1031300002D91149E06A0860E16A01EB81010F4A96
:1031400002EB8100211DFEF745FF04E004F11801A8
:103150000B48FEF73FFF0B49E06A0968C96A8842DD
:1031600004D9012501200849086000E0002528460F
:1031700070BD000008010024E8000024781100243C
:1031800000160024D0000024F400002470B50024B0
:1031900000263648006850B900BF502080F31188DF
:1031A000BFF34F8FBFF36F8F00BF00BFFEE7FEF787
:1031B0003FFF2E480068401E2C4908600846006802
:1031C00000284ED12A48006800284AD023E0294828
:1031D000C068C46804F11800FEF783FE201DFEF7E6
:1031E00080FE2549E06A0968884202D92249E06ADE
:1031F0000860E16A01EB8101204A02EB8100211D98
:10320000FEF7E8FE1E49E06A0968C96A884202D3EF
:1032100001201C4908601748006808B9012000E037
:1032200000200028D3D00CB1FEF7E6FB1648056855
:1032300065B100BFFFF76AFE10B1012011490860B7
:103240006D1E002DF6D100200F4908600D48006862
:1032500038B1012630070D490860BFF34F8FBFF327
:103260006F8FFEF70FFF304670BD0000080100248D
:10327000E000002400160024E80000247811002457
:10328000D0000024F4000024F000002404ED00E04D
:1032900010B586B00024FEF725F816480068D0B1B6
:1032A00000200590049003AA04A905A8FEF73AFEA1
:1032B0000222DDE904100023CDE9002102900EA1D5
:1032C0000F48039AFFF7AEFD0E49086008460068F4
:1032D00000B1012400BF54B900BF502080F3118811
:1032E000BFF34F8FBFF36F8F00BF00BFFEE72046D5
:1032F00006B010BD14010024546D72205376630093
:103300003D1B0108180100242DE9FF4704460D4626
:1033100016461F46DDF830804FF0000954B900BF53
:10332000502080F31188BFF34F8FBFF36F8F00BF22
:1033300000BFFEE71448006810B3009501960294A0
:10334000062D15DAFFF7CCFD022808D100234246EE
:1033500069460D480068FFF7E7FA814610E0002350
:103360001A46694608480068FFF7DEFA814607E01A
:1033700000233A46694604480068FFF7A9FB8146E6
:10338000484604B0BDE8F0871401002400000000A6
:10339000000000000000F041200300000000704128
:1033A00058020000000000000000000080410108F9
:1033B000000000000000000000000000000000000D
:1033C00000020000180000000000000000000000E3
:1033D000010002000400060008000A000C001000B2
:1033E00020004000800000010101010307010000EE
:1033F00008040204080101010000000001020304A6
:10340000010203040607080975191A0C6A231B1C1C
:103410001F207274433B4138393A6B6C376F062476
:103420006D6E70006800000476005401F7FD000125
:1034300083000000000800000001001832000500B1
:10344000000020410000D242295C0F3E9A99993E2B
:103450003333733F295C0F3E0000700000000024EE
:10346000000000020003000000650054FFEF0000B0
:10347000FA80000B12820001030C30C30E8C8CE921
:1034800014D5400213710F8E3883F8833000F8830F
:10349000258EF8833000F883FFFFFFFF0FFEA9D6CB
:1034A000240004001A8279A10000003CFFFF000004
:1034B0000010000038836FA2003E0330400000007F
:1034C00002CAE3093E800000200000000000000066
:1034D0004000000060000000000C0000000C186EAE
:1034E000000006920A16C0DFFFFF0256FD8CD3775C
:1034F000FFE1C496E0C5BEAA00000000FFFF0B2B51
:1035000000001657000003594000000000001DFA9B
:1035100000026C1D000000003FFFDFEB003EB3B671
:10352000000D227800002F3C00000000001942B579
:10353000000039A20000B365D90E9FC91DCF4C34DD
:1035400030000000500000003BB67AE80064000044
:1035500000C8000000000000100000001000FA92F7
:103560001000225E000D229F0001000000320000CA
:10357000FF46000063D400001000000004D60000E5
:1035800004CC000004CC00000000107200000040D9
:103590000000000000000000000600020005000717
:1035A00000000000006400000000000000000005B2
:1035B0000005006400200000000000000000000082
:1035C000000040000000030000000032F8980000F6
:1035D000FF650000830F0000FF9BFC00000000005F
:1035E00000000000000000000000000000000000DB
:1035F00000000000000000000000000000000000CB
:103600000000000000001000400000000000000664
:103610000000B26A000200000001FB8300680000A5
:1036200000D9FC007CF1FF83000000000065000071
:10363000006403E80064002800000025000000008A
:1036400016A000000000100000001000002F000075
:10365000000001F40000100000280000FFFF458179
:10366000FFFFFA72000000000000000000440005A7
:103670000005BAC6004778A2000000010000000063
:1036800000000600000000140000254D002F706DA2
:10369000000005AE000C02D0000000000000000099
:1036A0000000000000000000001B000000000000FF
:1036B000000000000000000000640000000800009E
:1036C00000000000000000000000000000000000FA
:1036D00000000000000000000000000000000000EA
:1036E00000000000000000000000000000000000DA
:1036F00000000000000000000000000000000000CA
:1037000000000000000000000000000000000000B9
:103710000000000000000000001B0000000000008E
:1037200000000000000E000E00000AC700040000A8
:1037300000000032FFFFFF9C00000B2B0000000286
:103740000000000100000064FFE500000000000030
:103750000000000000000000000000010000000068
:103760000001000000000000000180000001800056
:1037700000018000002426D30000000000000000AB
:10378000000600100096003C000000000000000051
:1037900000000000000000000C0A4E68CDCF770941
:1037A00050166759C619CE820000000000000000C4
:1037B0000000000000000000000000000000000009
:1037C00017D7840003000000000000000000000084
:1037D000C7938F9D1E1B1C190000000000000000F5
:1037E00000000000000000000000000000000000D9
:1037F00002031885000040000000000300000003E1
:103800000000000000000000400000000000000078
:1038100000000000000000000000000000000000A8
:103820000000000000000000000000000000000098
:10383000000000000000000000000000677DDF7E47
:1038400072902E554CF6E688000000000000000043
:103850000000000000000000D8DCB4B8B0D8B9AB5C
:10386000F3F8FAB3B7BB8E9EAEF132F51BF1B4B8E4
:10387000B08097F1A9DFDFDFAADFDFDFF2AAC5CDD5
:10388000C7A90CC92C97F1A989264666B28999A9BE
:103890002D557DB0B08AA896365676F1BAA3B4B24B
:1038A00080C0B8A89711B28398BAA3F02408441036
:1038B0006418B2B9B49883F1A329557DBAB5B1A300
:1038C0008393F0002850F5B2B6AA839328547CF174
:1038D000B9A3829361BAA2DADEDFDB819AB9AEF5D1
:1038E000606870F1DABAA2DFD9BAA2FAB9A38292FB
:1038F000DB31BAA2D9BAA2F8DF85A4D0C1BBAD83AF
:10390000C2C5C7B8A2DFDFDFBAA0DFDFDFD8D8F1DA
:10391000B8AAB38DB4980D355DB2B6BAAF8C96190E
:103920008F9FA70E161EB49AB8AA872C547CBAA4EF
:10393000B08AB691325676B28494A4C808CDD8B86D
:10394000B4B0F19982A82D557D98A80E161EA22C10
:10395000547C92A4F02C5078F184A898C4CDFCD863
:103960000DDBA8FC2DF3D9BAA6F8DABAA6DED8BAD0
:10397000B2B68696A6D0F3C841DAA6C8F8D8B0B4D5
:10398000B882A892F52C548898F135D9F418D8F15A
:10399000A2D0F8F9A884D9C7DFF8F883C5DADF69BF
:1039A000DF83C1D8F40114F1A8824EA884F311D1A9
:1039B00082F5D992289788F109F41C1CD884A8F3C1
:1039C000C0F9D1D99782F129F40DD8F3F9F9D1D9F9
:1039D00082F4C203D8DEDF1AD8F1A2FAF9A88498DB
:1039E000D9C7DFF8F8F883C7DADF69DFF883C3D80F
:1039F000F40114F198A8822EA884F311D182F5D98C
:103A000092509788F109F41CD884A8F3C0F8F9D132
:103A1000D99782F149F40DD8F3F9F9D1D982F4C4D8
:103A200003D8DEDFD8F1AD8898CCA809F9D9829205
:103A3000A8F57CF1883ACF944A6E98DB6931DAAD0B
:103A4000F2DEF9D88795A8F221D1DAA5F9F417D9D1
:103A5000F1AE8ED0C0C3AE82C684C3A88595C8A57A
:103A600088F2C0F1F4010EF18E9EA8C63E56F554C0
:103A7000F18872F40115F19845856EF58E9E0488E3
:103A8000F142985A8E9E068869F4011CF1981E1125
:103A900008D0F504F11E970202983625DBF9D98586
:103AA000A5F3C1DA85A5F3DFD88595A8F309DAA5D2
:103AB000FAD88292A8F578F1881A849F26889821EE
:103AC000DAF41DF3D8879F39D1AFD9DFDFFBF9F4E2
:103AD0000CF3D8FAD0F8DAF9F9D0DFD9F9D8F40B29
:103AE000D8F3879F39D1AFD9DFDFF41DF3D8FAFCC3
:103AF000A869F9F9AFD0DADEFAD9F88F9FA8F1CC2E
:103B0000F398DB45D9AFDFD0F8D8F18F9FA8CAF37F
:103B10008809DAAF8FCBF8D8F2AD978D0CD9A5DF35
:103B2000F9BAA6F3FAF412F2D8950DD1D9BAA6F3E0
:103B3000FADAA5F2C1BAA6F3DFD8F1BAB2B6869620
:103B4000A6D0CAF349DAA6CBF8D8B0B4B8D8AD84B9
:103B5000F2C0DFF18FCBC3A8B2B68696C8C1CBC383
:103B6000F3B0B48898A821DB718D9D71859521D91A
:103B7000ADF2FAD88597A828D9F408D8F28D29DAB9
:103B8000F405D9F285A4C2F2D8A88D9401D1D9F454
:103B900011F2D88721D8F40AD8F28498A8C801D1A4
:103BA000D9F411D8F3A4C8BBAFD0F2DEF8F8F8F816
:103BB000F8F8F8F8D8F1B8F6B5B9B08A95A3DE3CB4
:103BC000A3D9F8D85CA3D9F8D87CA3D9F8D8F8F948
:103BD000D1A5D9DFDAFAD8B18530F7D9DED8F830F7
:103BE000ADDADED8F2B48C99A32D557DA083DFDF4A
:103BF000DFB591A0F629D9FBD8A0FC29D9FAD8A025
:103C0000D051D9F8D8FC51D9F9D879D9FBD8A0D05E
:103C1000FC79D9FAD8A1F9F9F9F9F9A0DADFDFDFEF
:103C2000D8A1F8F8F8F8F8ACDEF8ADDE8393AC2C48
:103C3000547CF1A8DFDFDFF69D2CDAA0DFD9FADBB8
:103C40002DF8D8A850DAA0D0DED9D0F8F8F8DB5596
:103C5000F8D8A878DAA0D0DFD9D0FAF8F8F8F8DBED
:103C60007DF8D89CA88CF530DB38D9D0DEDFA0D029
:103C7000DEDFD8A848DB58D9DFD0DEA0DFD0DED821
:103C8000A868DB70D9DFDFA0DFDFD8F1A888902C2F
:103C9000547C98A8D05C38D1DAF2AE8CDFF9D8B079
:103CA00087A8C1C1B188A8C6F9F9DA36D8A8F9DA67
:103CB00036D8A8F9DA36D8A8F9DA36D8A8F9DA3633
:103CC000D8F78D9DADF818DAF2AEDFD8F7ADFA303F
:103CD000D9A4DEF9D8F2AEDEFAF983A7D9C3C5C7F5
:103CE000F1889BA77AADF7DEDFA4F8849408A79744
:103CF000F300AEF29819A488C6A39488F632DFF2D6
:103D00008393DB09D9F2AADFD8D8AEF8F9D1DAF378
:103D1000A4DEA7F1889B7AD8F38494AE19F9DAAAC5
:103D2000F1DFD8A881C0C3C5C7A39283F628ADDE52
:103D3000D9F8D8A350ADD9F8D8A378ADD9F8D8F828
:103D4000F9D1A1DADEC3C5C7D8A18194F818F2B0C1
:103D500089ACC3C5C7F1D8B8B4B09786A8319B0663
:103D60009907AB9728889BF00C201440B0B4B8F0AA
:103D7000A88A9A285078B79BA82951792470594469
:103D80006938644831F1BBAB88002C547CF0B38BAC
:103D9000B8A804285078F1B088B49726A85998BBE1
:103DA000ABB38B02264666B0B8F08A9CA82951793D
:103DB0008B2951798A2470598B2058718A4469382B
:103DC0008B3940688A6448318B30496088F1AC0097
:103DD0002C547CF08CA804285078F1889726A85998
:103DE00098AC8C02264666F0899CA82951792470EB
:103DF00059446938644831A98809205970AB113891
:103E00004069A8193148608CA83C415C207C00F1D5
:103E100087981986A86E767EA999882D557DD8B188
:103E2000B5B9A3DFDFDFAED0DFAAD0DEF2ABF8F9A1
:103E3000D9B087C4AAF1DFDFBBAFDFDFB9D8B1F1FA
:103E4000A3978E60DFB084F2C8F8F9D9DED89385E5
:103E5000F14AB183A308B5839A0810B79F10D8F12F
:103E6000B0BAAEB08AC2B2B68E9EF1FBD9F41DD8FC
:103E7000F9D90CF1D8F8F8AD61D9AEFBD8F40CF152
:103E8000D8F8F8AD19D9AEFBDFD8F416F1D8F8ADF3
:103E90008D61D9F4F4ACF59C9C8DDF2BBAB6AEFAEB
:103EA000F8F40BD8F1AED0F8AD51DAAEFAF8F1D89B
:103EB000B9B1B6A3839C08B9B1839AB5AAC0FD3045
:103EC00083B79F10B58B93F20202D1ABDADED8F143
:103ED000B080BAABC0C3B284C1C3D8B1B9F38BA3AD
:103EE00091B609B4D9ABDEB0879CB9A3DDF1B38B31
:103EF0008B8B8B8BB087A3A3A3A3B28BB69BF2A3B0
:103F0000A3A3A3A3A3A3A3A3A3F1B087B59AA3F3E9
:103F10009BA3A3DCBAACDFB9A3A3A3A3A3A3A3A3CE
:103F2000A3A3A3A3A3A3A3A3D8D8D8BBB3B7F1AA31
:103F3000F9DAFFD9809AAA28B48098A720B7978782
:103F4000A86688F07951F1902C870CA7819762932D
:103F5000F071716085940129517990A5F1284C6C1C
:103F6000870C95188578A38390284C6C886CD8F3BF
:103F7000A28200F210A8921980A2F2D926D8F18864
:103F8000A84DD948D896A83980D93CD89580A83969
:103F9000A68698D92CDA87A72CD8A8899519A98044
:103FA000D938D8A88939A980DA3CD8A82EA8399060
:103FB000D90CD8A8953198D90CD8A809D9FFD8011F
:103FC000DAFFD89539A9DA26FFD890A80D8999A8E3
:103FD00010809821DA2ED88999A83180DA2ED8A8B5
:103FE00086963180DA2ED8A8873180DA2ED8A8823A
:103FF00092F34180F1D92ED8A882F31980F1D92EFD
:10400000D882ACF3C0A28022F1A62EA72EA92298B6
:10401000A829DAACDEFFD8A2F22AF1A92E8292A852
:10402000F23180A696F1D900AC8C9C0C30ACDED07D
:10403000DEFFD88C9CACD010ACDE8092A2F24C8219
:10404000A8F1CAF235F19688A6D900D8F1FF000090
:10405000555555555555C53F7D6FEB0312D6D4BF09
:104060005544880E55C1C93F3B8F68B52882A4BF0F
:1040700088B20175E0EF493F09F7FD0DE13D023FD0
:104080004B2D8A1C273A03C0C88A599CE52A004058
:1040900059018D1B6C06E6BF82922EB1C5B8B33FA5
:1040A0004FBB610567ACDD3F182D4454FB21E93F50
:1040B0009BF681D20B73EF3F182D4454FB21F93F3F
:1040C000E2652F227F2B7A3C075C143326A6813CC5
:1040D000BDCBF07A8807703C075C143326A6913C70
:1040E000C4EB98999999C9BF711623FEC671BCBFDC
:1040F0006D9A74AFF2B0B3BF9AFDDE522DDEADBF44
:104100002F6C6A2C44B4A2BF0D5555555555D53F5B
:10411000FF8300922449C23F6E204CC5CD45B73F76
:10412000513DD0A0660DB13FEB0D76244B7BA93FEE
:1041300011DA22E33AAD903F0000000000000000D9
:10414000DDDDDDDDDCBBBBDDDDDDDDDDDDDDDDDDE4
:104150009888888888888888777777777788888824
:1041600085555556666666666666666666688888BC
:104170008333333222222222222222222228888DB5
:1041800064656661756C745461736B00AC410108C1
:104190000000002478010000140F0008F441010819
:1041A00078010024C895000000DF000801183210D3
:1041B00042013C90D003040115254842325A1E08A2
:1041C000340108240401201A302429546904013AD6
:1041D0001975790A894A093C54013A1AAA018132AF
:1041E0000427E2FFFFFF5802323232082908291063
:0441F000A9A0000082
:040000050800029954
:00000001FF
